CRIM,ZN,INDUS,CHAS,NOX,RM,AGE,DIS,RAD,TAX,PTRATIO,LSTAT,MEDV
0.0,0.2,0.07344184200079397,0.0,0.3091286307053943,0.5775052692086607,0.6289978678038379,0.3089962111327982,0.0,0.22594142259414224,0.2872340425531916,0.08967991169977926,0.4222222222222222
0.0004105263734346604,0.0,0.2624057165541882,0.0,0.1659751037344397,0.5479977007089482,0.7750533049040512,0.40054484536620505,0.043478260869565216,0.11297071129707109,0.5531914893617023,0.2044701986754967,0.36888888888888893
0.0004101352096676906,0.0,0.2624057165541882,0.0,0.1659751037344397,0.6943858976815481,0.5852878464818764,0.40054484536620505,0.043478260869565216,0.11297071129707109,0.5531914893617023,0.06346578366445917,0.66
0.0005094908064779849,0.0,0.06828106391425169,0.0,0.1431535269709543,0.6585552787890402,0.42217484008528783,0.5148475581116202,0.08695652173913043,0.07112970711297067,0.6489361702127658,0.03338852097130243,0.6311111111111111
0.0012268851551003452,0.0,0.06828106391425169,0.0,0.1431535269709543,0.6871048093504503,0.511727078891258,0.5148475581116202,0.08695652173913043,0.07112970711297067,0.6489361702127658,0.09933774834437087,0.6933333333333334
0.00046020417183980744,0.0,0.06828106391425169,0.0,0.1431535269709543,0.5497221689978923,0.5597014925373135,0.5148475581116202,0.08695652173913043,0.07112970711297067,0.6489361702127658,0.09602649006622516,0.5266666666666666
0.0016031846989251598,0.1388888888888889,0.29416435093290993,0.0,0.2800829875518672,0.4696301973558151,0.6439232409381662,0.46248186458191987,0.17391304347826086,0.25732217573221755,0.2765957446808509,0.29525386313465785,0.39777777777777773
0.00270352837541082,0.1388888888888889,0.29416435093290993,0.0,0.2800829875518672,0.5002874113814907,0.9584221748400852,0.5031887022868893,0.17391304347826086,0.25732217573221755,0.2765957446808509,0.4806843267108167,0.4911111111111112
0.004007863956371158,0.1388888888888889,0.29416435093290993,0.0,0.2800829875518672,0.3966277064571758,1.0,0.516924650599643,0.17391304347826086,0.25732217573221755,0.2765957446808509,0.7781456953642383,0.2555555555555556
0.0032020665964136536,0.1388888888888889,0.29416435093290993,0.0,0.2800829875518672,0.46809733665453146,0.849680170575693,0.5701566691369107,0.17391304347826086,0.25732217573221755,0.2765957446808509,0.4241169977924945,0.3088888888888889
0.004274833227327952,0.1388888888888889,0.29416435093290993,0.0,0.2800829875518672,0.5395669668518873,0.9392324093816631,0.5445426743348607,0.17391304347826086,0.25732217573221755,0.2765957446808509,0.5165562913907285,0.22222222222222227
0.0021738926349338973,0.1388888888888889,0.29416435093290993,0.0,0.2800829875518672,0.469055374592834,0.8176972281449894,0.5320174935025624,0.17391304347826086,0.25732217573221755,0.2765957446808509,0.31843267108167767,0.3088888888888889
0.0017105591529583324,0.1388888888888889,0.29416435093290993,0.0,0.2800829875518672,0.4460624640735774,0.34968017057569295,0.45104219942175416,0.17391304347826086,0.25732217573221755,0.2765957446808509,0.38576158940397354,0.3711111111111111
0.012193356943978308,0.0,0.3048828900357285,0.0,0.3091286307053943,0.4575589193332056,0.5927505330490405,0.37344870416566633,0.13043478260869565,0.24895397489539745,0.8936170212765959,0.1801876379690949,0.3422222222222222
0.012353734088435868,0.0,0.3048828900357285,0.0,0.3091286307053943,0.48572523471929496,0.8347547974413646,0.3478138340622293,0.13043478260869565,0.24895397489539745,0.8936170212765959,0.23537527593818985,0.29333333333333333
0.012147004037592403,0.0,0.3048828900357285,0.0,0.3091286307053943,0.4355240467522513,0.5362473347547975,0.35164445186677384,0.13043478260869565,0.24895397489539745,0.8936170212765959,0.1859823399558499,0.3311111111111111
0.020489353695754386,0.0,0.3048828900357285,0.0,0.3091286307053943,0.45487641310595894,0.2462686567164179,0.35164445186677384,0.13043478260869565,0.24895397489539745,0.8936170212765959,0.13383002207505518,0.4022222222222223
0.015213923552518037,0.0,0.3048828900357285,0.0,0.3091286307053943,0.46541483042728504,0.8049040511727079,0.3265210266473223,0.13043478260869565,0.24895397489539745,0.8936170212765959,0.35706401766004414,0.2777777777777778
0.01557594561884846,0.0,0.3048828900357285,0.0,0.3091286307053943,0.3630963786165934,0.32409381663113007,0.2783617063471354,0.13043478260869565,0.24895397489539745,0.8936170212765959,0.2748344370860927,0.3377777777777778
0.014071725352966625,0.0,0.3048828900357285,0.0,0.3091286307053943,0.41502203487258094,0.6748400852878464,0.2783617063471354,0.13043478260869565,0.24895397489539745,0.8936170212765959,0.26352097130242824,0.29333333333333333
0.024359136842385252,0.0,0.3048828900357285,0.0,0.3091286307053943,0.384939643609887,0.9797441364605544,0.2785078334568455,0.13043478260869565,0.24895397489539745,0.8936170212765959,0.5322847682119205,0.19111111111111112
0.01654075105007913,0.0,0.3048828900357285,0.0,0.3091286307053943,0.46062464073577314,0.8848614072494669,0.30088615654388506,0.13043478260869565,0.24895397489539745,0.8936170212765959,0.33388520971302427,0.3244444444444445
0.02398127264349256,0.0,0.3048828900357285,0.0,0.3091286307053943,0.4945391837516767,0.9115138592750534,0.2971912281983572,0.13043478260869565,0.24895397489539745,0.8936170212765959,0.46881898454746135,0.22666666666666668
0.019208292358928743,0.0,0.3048828900357285,0.0,0.3091286307053943,0.43150028741138147,1.0,0.30953896896886457,0.13043478260869565,0.24895397489539745,0.8936170212765959,0.5008278145695364,0.21111111111111114
0.014550118639970522,0.0,0.3048828900357285,0.0,0.3091286307053943,0.4527687296416939,0.9371002132196162,0.34131117768012786,0.13043478260869565,0.24895397489539745,0.8936170212765959,0.40204194260485654,0.23555555555555557
0.016315831884071576,0.0,0.3048828900357285,0.0,0.3091286307053943,0.3904962636520407,0.847547974413646,0.34705188556159783,0.13043478260869565,0.24895397489539745,0.8936170212765959,0.4078366445916115,0.19777777777777783
0.01301773458286687,0.0,0.3048828900357285,0.0,0.3091286307053943,0.43150028741138147,0.896588486140725,0.37078710323880304,0.13043478260869565,0.24895397489539745,0.8936170212765959,0.3609271523178808,0.25777777777777783
0.018569521927467286,0.0,0.3048828900357285,0.0,0.3091286307053943,0.4763364629239316,0.8805970149253731,0.3469266337532748,0.13043478260869565,0.24895397489539745,0.8936170212765959,0.429083885209713,0.2177777777777778
0.014994676261131542,0.0,0.3048828900357285,0.0,0.3091286307053943,0.562176662195823,0.9402985074626866,0.34706232321229136,0.13043478260869565,0.24895397489539745,0.8936170212765959,0.30546357615894043,0.29777777777777775
0.019482498159574476,0.0,0.3048828900357285,0.0,0.3091286307053943,0.5964744203870475,0.8646055437100213,0.32454831066623524,0.13043478260869565,0.24895397489539745,0.8936170212765959,0.2828366445916115,0.35555555555555557
0.02199298721598577,0.0,0.3048828900357285,0.0,0.3091286307053943,0.4123395286453343,0.9371002132196162,0.3239220516246203,0.13043478260869565,0.24895397489539745,0.8936170212765959,0.5758830022075054,0.1711111111111111
0.026372261169094618,0.0,0.3048828900357285,0.0,0.3091286307053943,0.4811266526154435,1.0,0.3178682142223428,0.13043478260869565,0.24895397489539745,0.8936170212765959,0.31208609271523174,0.21111111111111114
0.027022962095448654,0.0,0.3048828900357285,0.0,0.3091286307053943,0.45775052692086604,0.8081023454157782,0.29855856043921636,0.13043478260869565,0.24895397489539745,0.8936170212765959,0.7168874172185431,0.18222222222222223
0.022401948934352548,0.0,0.3048828900357285,0.0,0.3091286307053943,0.4100402375934086,0.9466950959488272,0.27739100483263224,0.13043478260869565,0.24895397489539745,0.8936170212765959,0.4586092715231788,0.18
0.0314202295818381,0.0,0.3048828900357285,0.0,0.3091286307053943,0.48572523471929496,0.966950959488273,0.2745310885425908,0.13043478260869565,0.24895397489539745,0.8936170212765959,0.5135209713024282,0.18888888888888888
0.0011314411959597477,0.0,0.2183406113537118,0.0,0.22821576763485474,0.454493197930638,0.6609808102345416,0.23283267402173122,0.17391304347826086,0.19037656903765693,0.7021276595744679,0.2193708609271523,0.3088888888888889
0.0017821421223137804,0.0,0.2183406113537118,0.0,0.22821576763485474,0.43686529986587475,0.5884861407249466,0.23466970054380162,0.17391304347826086,0.19037656903765693,0.7021276595744679,0.2671081677704194,0.33333333333333337
0.0014437854638850228,0.0,0.2183406113537118,0.0,0.22821576763485474,0.43858976815481887,0.3763326226012793,0.2927343513521977,0.17391304347826086,0.19037656903765693,0.7021276595744679,0.19426048565121412,0.35555555555555557
0.0033000531200395545,0.0,0.2183406113537118,0.0,0.22821576763485474,0.4608162483234336,0.255863539445629,0.28366403289947506,0.17391304347826086,0.19037656903765693,0.7021276595744679,0.2317880794701987,0.43777777777777777
0.00041678499370617487,0.8333333333333334,0.09884874950377136,0.0,0.08091286307053935,0.5813374209618701,0.16631130063965885,0.44584424937635037,0.08695652173913043,0.1338912133891213,0.6063829787234043,0.07146799116997793,0.5733333333333334
0.0005333517962631343,0.8333333333333334,0.09884874950377136,0.0,0.08091286307053935,0.6635370760682123,0.1023454157782516,0.44584424937635037,0.08695652173913043,0.1338912133891213,0.6063829787234043,0.006898454746136866,0.6644444444444444
0.0022759863781129787,0.0,0.25605398967844384,0.0,0.12240663900414939,0.48055182985246214,0.3603411513859275,0.4792238562944253,0.08695652173913043,0.09414225941422594,0.5638297872340423,0.21578366445916114,0.36
0.00322905689633456,0.0,0.25605398967844384,0.0,0.12240663900414939,0.40639969342785986,0.2942430703624733,0.4144582337407495,0.08695652173913043,0.09414225941422594,0.5638297872340423,0.2339955849889625,0.3177777777777778
0.003560372606957864,0.0,0.25605398967844384,0.0,0.12240663900414939,0.42632688254454865,0.28891257995735603,0.4144582337407495,0.08695652173913043,0.09414225941422594,0.5638297872340423,0.34271523178807944,0.33333333333333337
0.004174695302983719,0.0,0.25605398967844384,0.0,0.12240663900414939,0.3910710864150221,0.5948827292110874,0.5175091590384836,0.08695652173913043,0.09414225941422594,0.5638297872340423,0.3992825607064017,0.32
0.0016117903017984928,0.23333333333333334,0.20563715760222312,0.0,0.10373443983402486,0.4602414255604522,0.4211087420042644,0.5933908795808239,0.13043478260869565,0.11506276150627609,0.44680851063829796,0.32339955849889623,0.32666666666666666
0.000724630878311299,0.23333333333333334,0.20563715760222312,0.0,0.10373443983402486,0.4893657788848439,0.6055437100213219,0.5933908795808239,0.13043478260869565,0.11506276150627609,0.44680851063829796,0.21247240618101543,0.34444444444444444
0.0009247111451162811,0.23333333333333334,0.20563715760222312,0.0,0.10373443983402486,0.5652423835983905,0.15884861407249468,0.5933908795808239,0.13043478260869565,0.11506276150627609,0.44680851063829796,0.09795805739514349,0.4444444444444445
0.0008505856112755301,0.23333333333333334,0.20563715760222312,0.0,0.10373443983402486,0.4669476911285687,0.162046908315565,0.5933908795808239,0.13043478260869565,0.11506276150627609,0.44680851063829796,0.184878587196468,0.4088888888888889
0.00013280009888620028,1.0,0.03017070265978563,0.0,0.02904564315352698,0.7066487832918183,0.16737739872068227,0.7898170279833415,0.17391304347826086,0.07949790794979078,0.5638297872340423,0.08498896247240617,0.6755555555555555
0.00027831302019891457,0.9444444444444445,0.011115522032552599,0.0,0.0435684647302903,0.5407166123778501,0.314498933901919,0.8410658928888286,0.043478260869565216,0.26150627615062755,0.5,0.11147902869757173,0.43777777777777777
0.0028971544400608023,0.2777777777777778,0.185391028185788,0.0,0.13278008298755184,0.49511400651465787,0.24520255863539442,0.6977778241673364,0.30434782608695654,0.20083682008368203,0.7553191489361701,0.14155629139072848,0.4066666666666667
0.0018963619422689218,0.2777777777777778,0.185391028185788,0.0,0.13278008298755184,0.45334355240467505,0.43710021321961623,0.6056342438443956,0.30434782608695654,0.20083682008368203,0.7553191489361701,0.20667770419426051,0.3244444444444445
0.002796820933833084,0.2777777777777778,0.185391028185788,0.0,0.13278008298755184,0.4177045410998276,0.6396588486140725,0.6362583109793647,0.30434782608695654,0.20083682008368203,0.7553191489361701,0.315121412803532,0.30444444444444446
0.0020330736788248187,0.2777777777777778,0.185391028185788,0.0,0.13278008298755184,0.5547039662770646,0.6567164179104478,0.6362687486300583,0.30434782608695654,0.20083682008368203,0.7553191489361701,0.13796909492273732,0.38222222222222224
0.0023505030757206996,0.2777777777777778,0.185391028185788,0.0,0.13278008298755184,0.6133358881011687,0.39658848614072495,0.715114761969376,0.30434782608695654,0.20083682008368203,0.7553191489361701,0.2144039735099338,0.4444444444444445
0.0002579725043164922,0.19444444444444445,0.03652242953552997,0.0,0.056224066390041516,0.6788656830810501,0.568230277185501,0.844750383583663,0.08695652173913043,0.05857740585774057,0.6382978723404256,0.17439293598233996,0.6222222222222222
0.0005773577200472212,0.888888888888889,0.11552203255260024,0.0,0.018672199170124415,0.5228971067254263,0.12366737739872069,0.5721815733714656,0.13043478260869565,0.31171548117154807,0.37234042553191493,0.08112582781456953,0.41111111111111115
0.0007328453174176619,0.888888888888889,0.11552203255260024,0.0,0.018672199170124415,0.4265184901322091,0.2654584221748401,0.5721815733714656,0.13043478260869565,0.31171548117154807,0.37234042553191493,0.2348233995584989,0.32
0.0010086157731312737,0.1388888888888889,0.22270742358078605,0.0,0.04149377593360981,0.44395478060931215,0.162046908315565,0.5603348398342501,0.13043478260869565,0.3284518828451883,0.6702127659574466,0.1757726269315673,0.3777777777777778
0.0025273090983909865,0.1388888888888889,0.22270742358078605,0.0,0.04149377593360981,0.3895382257137384,0.3262260127931769,0.5603348398342501,0.13043478260869565,0.3284518828451883,0.6702127659574466,0.31346578366445915,0.27555555555555555
0.0023829696683791814,0.1388888888888889,0.22270742358078605,0.0,0.04149377593360981,0.44529603372293536,0.2857142857142857,0.5603348398342501,0.13043478260869565,0.3284518828451883,0.6702127659574466,0.19481236203090505,0.35333333333333333
0.0016025979532747056,0.0,0.41087733227471224,0.0,0.049792531120331884,0.5472312703583061,0.004264392324093813,0.43396620288705423,0.13043478260869565,0.24476987447698745,0.7021276595744679,0.1376931567328918,0.4266666666666667
0.0029814502318427647,0.0,0.41087733227471224,0.0,0.049792531120331884,0.4598582103851313,0.1204690831556503,0.43396620288705423,0.13043478260869565,0.24476987447698745,0.7021276595744679,0.22488962472406182,0.3711111111111111
0.0016687046298925784,0.0,0.41087733227471224,0.0,0.049792531120331884,0.4797853995018203,0.017057569296375266,0.43396620288705423,0.13043478260869565,0.24476987447698745,0.7021276595744679,0.10458057395143486,0.3955555555555556
0.0036978666710477007,0.0,0.41087733227471224,0.0,0.049792531120331884,0.514274765280705,0.0,0.43396620288705423,0.13043478260869565,0.24476987447698745,0.7021276595744679,0.16032008830022074,0.4088888888888889
0.0017367671253452996,0.0,0.49106788408098456,0.0,0.09958506224066388,0.5221306763747843,0.4136460554371002,0.3520619578945171,0.17391304347826086,0.4393305439330543,0.6489361702127658,0.19895143487858719,0.36444444444444446
0.001862135112659076,0.0,0.49106788408098456,0.0,0.09958506224066388,0.5207894232611611,0.7281449893390192,0.3050507791706243,0.17391304347826086,0.4393305439330543,0.6489361702127658,0.282560706401766,0.33333333333333337
0.0015793237091400105,0.0,0.49106788408098456,0.0,0.09958506224066388,0.4941559685763556,0.42217484008528783,0.30904839938626616,0.17391304347826086,0.4393305439330543,0.6489361702127658,0.2356512141280353,0.35111111111111115
0.000980647563792943,0.0,0.49106788408098456,0.0,0.09958506224066388,0.5117838666411191,0.5063965884861408,0.4054505411921885,0.17391304347826086,0.4393305439330543,0.6489361702127658,0.29277041942604853,0.36
0.0015167375064248647,0.0,0.49106788408098456,0.0,0.09958506224066388,0.4431883502586701,0.32409381663113007,0.3520619578945171,0.17391304347826086,0.4393305439330543,0.6489361702127658,0.2033664459161148,0.34
0.0006808205364106968,0.2777777777777778,0.17467248908296945,0.0,0.07676348547717837,0.6066296225330524,0.291044776119403,0.44580249877357603,0.13043478260869565,0.19456066945606693,0.6808510638297873,0.09823399558498896,0.5111111111111111
0.0007490786137469028,0.2777777777777778,0.17467248908296945,0.0,0.07676348547717837,0.5859360030657214,0.6844349680170576,0.44580249877357603,0.13043478260869565,0.19456066945606693,0.6808510638297873,0.15149006622516556,0.42
0.0005920263613085835,0.2777777777777778,0.17467248908296945,0.0,0.07676348547717837,0.5251963977773518,0.27718550106609813,0.44580249877357603,0.13043478260869565,0.19456066945606693,0.6808510638297873,0.1376931567328918,0.44
0.0005709035178922218,0.2777777777777778,0.17467248908296945,0.0,0.07676348547717837,0.4993293734431884,0.43176972281449894,0.44580249877357603,0.13043478260869565,0.19456066945606693,0.6808510638297873,0.1594922737306843,0.39777777777777773
0.0008658409981873471,0.0,0.15998412068281065,0.0,0.12448132780082988,0.541866257903813,0.44562899786780386,0.3809533750143518,0.08695652173913043,0.1234309623430962,0.6276595744680851,0.21771523178807944,0.42
0.0009980543514230928,0.0,0.15998412068281065,0.0,0.12448132780082988,0.5880436865299866,0.5319829424307037,0.34528792259438257,0.08695652173913043,0.1234309623430962,0.6276595744680851,0.13245033112582782,0.48000000000000004
0.0008910710611568903,0.0,0.15998412068281065,0.0,0.12448132780082988,0.4702050201187967,0.4147121535181237,0.3441919692715564,0.08695652173913043,0.1234309623430962,0.6276595744680851,0.30711920529801323,0.3888888888888889
0.0012749982984376137,0.0,0.15998412068281065,0.0,0.12448132780082988,0.49051542441080664,0.5394456289978677,0.2732576951579738,0.08695652173913043,0.1234309623430962,0.6276595744680851,0.18515452538631344,0.38222222222222224
0.0009833857101617305,0.0,0.11710996427153633,0.0,0.20746887966804983,0.6602797470779843,0.8539445628997867,0.23924139154759047,0.043478260869565216,0.17154811715481172,0.5531914893617023,0.10402869757174393,0.4133333333333334
0.0009133673958741609,0.0,0.11710996427153633,0.0,0.20746887966804983,0.6740754933895382,0.6066098081023454,0.23848988069765256,0.043478260869565216,0.17154811715481172,0.5531914893617023,0.10954746136865343,0.5266666666666666
0.0007924977918805354,0.0,0.11710996427153633,0.0,0.20746887966804983,0.5472312703583061,0.638592750533049,0.20485977016293175,0.043478260869565216,0.17154811715481172,0.5531914893617023,0.19536423841059603,0.39111111111111113
0.0006454202154999424,0.0,0.11710996427153633,0.0,0.20746887966804983,0.5449319793063806,0.7217484008528785,0.20483889486154458,0.043478260869565216,0.17154811715481172,0.5531914893617023,0.17853200883002204,0.3777777777777778
0.0006984229059243316,0.3111111111111111,0.5788011115522033,0.0,0.15560165975103735,0.552021460049818,0.5053304904051172,0.26473013454131744,0.13043478260869565,0.17154811715481172,0.5957446808510638,0.17742825607064017,0.39777777777777773
0.000438690164656476,0.3111111111111111,0.5788011115522033,0.0,0.15560165975103735,0.5077601073002492,0.2420042643923241,0.26473013454131744,0.13043478260869565,0.17154811715481172,0.5957446808510638,0.12362030905077262,0.4444444444444445
0.0007162208573214512,0.3111111111111111,0.5788011115522033,0.0,0.15560165975103735,0.5150411956313469,0.7579957356076759,0.25941737033828427,0.13043478260869565,0.17154811715481172,0.5957446808510638,0.24448123620309048,0.34666666666666673
0.002263273555686465,0.0,0.09646685192536722,0.0,0.1161825726141078,0.5870856485916843,0.5501066098081023,0.24691306480737316,0.043478260869565216,0.18410041841004182,0.574468085106383,0.1357615894039735,0.5199999999999999
0.0021263662372470833,0.0,0.09646685192536722,0.0,0.1161825726141078,0.49856294309254656,0.6759061833688699,0.24691306480737316,0.043478260869565216,0.18410041841004182,0.574468085106383,0.2651766004415011,0.36444444444444446
0.0022396081477848,0.0,0.09646685192536722,0.0,0.1161825726141078,0.8637670051734051,0.744136460554371,0.24691306480737316,0.043478260869565216,0.18410041841004182,0.574468085106383,0.0684326710816777,0.7488888888888889
0.0014776211297278985,0.0,0.09646685192536722,0.0,0.1161825726141078,0.8160567158459476,0.3272921108742004,0.24691306480737316,0.043478260869565216,0.18410041841004182,0.574468085106383,0.050772626931567325,0.8622222222222221
0.0012180839703435275,0.0,0.09646685192536722,0.0,0.1161825726141078,0.7386472504311171,0.6002132196162047,0.24691306480737316,0.043478260869565216,0.18410041841004182,0.574468085106383,0.1230684326710817,0.6266666666666667
0.0027839125295230846,0.0,0.3215561730845574,0.0,0.27178423236514526,0.6066296225330524,0.7857142857142858,0.1720333587316167,0.17391304347826086,0.410041841004184,0.8829787234042552,0.21219646799116998,0.5
0.0021122843416361754,0.0,0.3215561730845574,0.0,0.27178423236514526,0.6169764322667176,0.6940298507462687,0.18020603922469133,0.17391304347826086,0.410041841004184,0.8829787234042552,0.16390728476821192,0.4777777777777778
0.004350523416236582,0.0,0.3215561730845574,0.0,0.27178423236514526,0.5449319793063806,0.8443496801705758,0.16544720114396652,0.17391304347826086,0.410041841004184,0.8829787234042552,0.24558498896247244,0.3022222222222223
0.004015100486060096,0.0,0.3215561730845574,0.0,0.27178423236514526,0.4935811458133742,0.8656716417910448,0.16544720114396652,0.17391304347826086,0.410041841004184,0.8829787234042552,0.32312362030905073,0.3177777777777778
0.0026067153430858283,0.0,0.3215561730845574,0.0,0.27178423236514526,0.4993293734431884,0.8933901918976546,0.13479182105691648,0.17391304347826086,0.410041841004184,0.8829787234042552,0.2924944812362031,0.3355555555555556
0.0024701991884134157,0.0,0.3215561730845574,0.0,0.27178423236514526,0.43878137574247933,0.964818763326226,0.1020071602283758,0.17391304347826086,0.410041841004184,0.8829787234042552,0.40673289183222955,0.32222222222222224
0.003224754094897894,0.0,0.3215561730845574,0.0,0.27178423236514526,0.43590726192757245,0.9136460554371002,0.11287275460039453,0.17391304347826086,0.410041841004184,0.8829787234042552,0.46716335540838855,0.32222222222222224
0.0024418398153081156,0.0,0.3215561730845574,0.0,0.27178423236514526,0.4916650699367694,0.8422174840085288,0.103624996085881,0.17391304347826086,0.410041841004184,0.8829787234042552,0.3410596026490066,0.3422222222222222
0.0023802315220103937,0.0,0.3215561730845574,0.0,0.27178423236514526,0.5581529028549531,0.9690831556503197,0.1360339014894528,0.17391304347826086,0.410041841004184,0.8829787234042552,0.29083885209713023,0.32888888888888895
0.005032517443948187,0.0,0.3215561730845574,0.0,0.27178423236514526,0.5112090438781375,0.906183368869936,0.14774494556765164,0.17391304347826086,0.410041841004184,0.8829787234042552,0.3813465783664459,0.32
0.001987307518089368,0.0,0.3215561730845574,0.0,0.27178423236514526,0.5046943858976817,0.5138592750533049,0.1720333587316167,0.17391304347826086,0.410041841004184,0.8829787234042552,0.3109823399558499,0.3711111111111111
0.001848639962698623,0.0,0.3791186978959905,0.0,0.32780082987551873,0.6043303314811267,0.8038379530916844,0.16156439508595408,0.21739130434782608,0.510460251046025,0.5531914893617023,0.2326158940397351,0.3955555555555556
0.0022877212911220687,0.0,0.3791186978959905,0.0,0.32780082987551873,0.45066104617742864,0.9243070362473348,0.1277359691880552,0.21739130434782608,0.510460251046025,0.5531914893617023,0.3995584988962472,0.3066666666666667
0.0042206570456026545,0.0,0.3791186978959905,0.0,0.32780082987551873,0.4849588043686529,0.9509594882729211,0.14804763743776553,0.21739130434782608,0.510460251046025,0.5531914893617023,0.423841059602649,0.30444444444444446
0.0026597180335102173,0.0,0.3791186978959905,0.0,0.32780082987551873,0.5159992335696492,0.8315565031982942,0.11762188566597431,0.21739130434782608,0.510460251046025,0.5531914893617023,0.24061810154525382,0.30000000000000004
0.0032274922412666818,0.0,0.3791186978959905,0.0,0.32780082987551873,0.45353515999233573,0.8742004264392325,0.1391860719989145,0.21739130434782608,0.510460251046025,0.5531914893617023,0.3871412803532009,0.29555555555555557
0.0024498586725309936,0.0,0.3791186978959905,0.0,0.32780082987551873,0.5010538417321325,0.7068230277185501,0.16705459935077818,0.21739130434782608,0.510460251046025,0.5531914893617023,0.2844922737306843,0.36
0.002829287526491566,0.0,0.3791186978959905,0.0,0.32780082987551873,0.4713546656447595,0.8144989339019189,0.16886031292076778,0.21739130434782608,0.510460251046025,0.5531914893617023,0.23647902869757176,0.3155555555555556
0.0024303004841825107,0.0,0.3791186978959905,0.0,0.32780082987551873,0.4428051350833492,0.7132196162046908,0.14068909369879032,0.21739130434782608,0.510460251046025,0.5531914893617023,0.37637969094922735,0.3422222222222222
0.0027076355949640007,0.0,0.3791186978959905,0.0,0.32780082987551873,0.41578846522322277,0.6289978678038379,0.17009195570261046,0.21739130434782608,0.510460251046025,0.5531914893617023,0.3278145695364238,0.3177777777777778
0.0012777364448064014,0.0,1.0,0.0,0.3983402489626554,0.46809733665453146,0.8304904051172707,0.11145323410606742,0.043478260869565216,0.0,0.6914893617021276,0.34602649006622516,0.34
0.0016951081841630306,0.0,1.0,0.0,0.3983402489626554,0.4598582103851313,0.9243070362473348,0.09991963008965943,0.043478260869565216,0.0,0.6914893617021276,0.4470198675496688,0.34444444444444444
0.0028175526134824763,0.0,1.0,0.0,0.3983402489626554,0.4397394136807816,0.9680170575692963,0.08504597785130522,0.043478260869565216,0.0,0.6914893617021276,0.6534216335540839,0.2733333333333334
0.0018026782200796876,0.0,1.0,0.0,0.3983402489626554,0.4441463881969726,0.9552238805970148,0.09150688363063242,0.043478260869565216,0.0,0.6914893617021276,0.4373620309050772,0.3066666666666667
0.003182117244298201,0.0,1.0,0.0,0.3983402489626554,0.464648400076643,0.8763326226012793,0.09010823843769245,0.043478260869565216,0.0,0.6914893617021276,0.3609271523178808,0.36444444444444446
0.007452256506422518,0.0,1.0,0.0,0.3983402489626554,0.39317876987928735,0.953091684434968,0.06550669575291995,0.043478260869565216,0.0,0.6914893617021276,0.7044701986754967,0.23777777777777775
0.004944896760146983,0.0,0.8507344184200081,0.0,0.48755186721991695,0.4085073768921249,0.9573560767590619,0.06875280511862392,0.13043478260869565,0.5209205020920502,0.9148936170212765,0.42660044150110377,0.24888888888888888
0.006241213483884444,0.0,0.8507344184200081,0.0,0.48755186721991695,0.5499137765855527,0.9872068230277184,0.07127871658647073,0.13043478260869565,0.5209205020920502,0.9148936170212765,0.3769315673289183,0.2888888888888889
0.017112045731738322,0.0,0.8507344184200081,0.0,0.48755186721991695,0.39777735198313835,0.943496801705757,0.08875134384752681,0.13043478260869565,0.5209205020920502,0.9148936170212765,0.4583333333333333,0.20666666666666672
0.00652734977942275,0.0,0.8507344184200081,0.0,0.48755186721991695,0.5550871814523856,0.988272921108742,0.10321792770883131,0.13043478260869565,0.5209205020920502,0.9148936170212765,0.2999448123620309,0.3155555555555556
0.02320813745807702,0.0,0.8507344184200081,0.0,0.48755186721991695,0.5297949798812033,0.9754797441364607,0.11913534501654369,0.13043478260869565,0.5209205020920502,0.9148936170212765,0.2905629139072847,0.3244444444444445
0.011416701284660042,0.0,0.8507344184200081,0.0,0.48755186721991695,0.538608928913585,0.9776119402985075,0.12502218000772386,0.13043478260869565,0.5209205020920502,0.9148936170212765,0.2591059602649006,0.4000000000000001
0.006327073930734284,0.0,0.8507344184200081,0.0,0.48755186721991695,0.4332247557003258,0.9509594882729211,0.13989583224607807,0.13043478260869565,0.5209205020920502,0.9148936170212765,0.3669977924944812,0.29777777777777775
0.018968508969776338,0.0,0.8507344184200081,0.0,0.48755186721991695,0.42077026250239513,0.9829424307036247,0.1269635830367301,0.13043478260869565,0.5209205020920502,0.9148936170212765,0.4299116997792494,0.23555555555555557
0.010785558546654495,0.0,0.8507344184200081,0.0,0.48755186721991695,0.5315194481701476,0.9808102345415779,0.10240379095473193,0.13043478260869565,0.5209205020920502,0.9148936170212765,0.42025386313465785,0.29111111111111115
0.006186646138392175,0.0,0.8507344184200081,0.0,0.48755186721991695,0.4562176662195824,0.9307036247334755,0.08739444925736117,0.13043478260869565,0.5209205020920502,0.9148936170212765,0.41859823399558493,0.27555555555555555
0.006767328750458638,0.0,0.8507344184200081,0.0,0.48755186721991695,0.5543207511017435,0.9829424307036247,0.07517196029517678,0.13043478260869565,0.5209205020920502,0.9148936170212765,0.35485651214128033,0.26888888888888896
0.004762027699088666,0.0,0.8507344184200081,0.0,0.48755186721991695,0.4399310212684423,0.9808102345415779,0.05625893723840639,0.13043478260869565,0.5209205020920502,0.9148936170212765,0.5405629139072847,0.18444444444444447
0.010526216969153608,0.0,0.8507344184200081,0.0,0.48755186721991695,0.49626365204062084,0.9776119402985075,0.05626937488909997,0.13043478260869565,0.5209205020920502,0.9148936170212765,0.461644591611479,0.2844444444444445
0.0055658692402113215,0.0,0.8507344184200081,0.0,0.48755186721991695,0.5006706265568118,0.9317697228144989,0.05034078929514546,0.13043478260869565,0.5209205020920502,0.9148936170212765,0.6189293598233996,0.2
0.03172964012151111,0.0,0.8507344184200081,0.0,0.48755186721991695,0.2793638628089672,1.0,0.03233584184871671,0.13043478260869565,0.5209205020920502,0.9148936170212765,0.9017660044150109,0.2088888888888889
0.0648301136643674,0.0,0.759031361651449,1.0,1.0,0.3529411764705882,1.0,0.020040289331677258,0.17391304347826086,0.4497907949790794,0.22340425531914887,0.6923289183222958,0.1866666666666667
0.08001411318871227,0.0,0.759031361651449,0.0,1.0,0.3653956696685189,1.0,0.02945505025728809,0.17391304347826086,0.4497907949790794,0.22340425531914887,0.6812913907284768,0.23555555555555557
0.054243070729450005,0.0,0.759031361651449,0.0,1.0,0.25713738264035246,0.976545842217484,0.02257663845021765,0.17391304347826086,0.4497907949790794,0.22340425531914887,0.760485651214128,0.15111111111111114
0.04641197211471737,0.0,0.759031361651449,0.0,1.0,0.492239892699751,1.0,0.030216998757919583,0.17391304347826086,0.4497907949790794,0.22340425531914887,0.7193708609271523,0.1955555555555556
0.0420252660500361,0.0,0.759031361651449,0.0,1.0,0.3960528836941942,1.0,0.04039370818416191,0.17391304347826086,0.4497907949790794,0.22340425531914887,0.41169977924944806,0.23555555555555557
0.04620230833562163,0.0,0.759031361651449,0.0,1.0,0.26154435715654345,0.9541577825159915,0.03456949909714324,0.17391304347826086,0.4497907949790794,0.22340425531914887,0.7671081677704195,0.21333333333333332
0.04546633370806821,0.0,0.759031361651449,0.0,1.0,0.31136232994826596,0.9339019189765458,0.04175060277432757,0.17391304347826086,0.4497907949790794,0.22340425531914887,0.7337196467991169,0.2844444444444445
0.053347892448739935,0.0,0.759031361651449,0.0,1.0,0.3901130484767198,0.9456289978678039,0.041343534397277865,0.17391304347826086,0.4497907949790794,0.22340425531914887,0.5441501103752759,0.23111111111111116
0.0322764870677347,0.0,0.759031361651449,0.0,1.0,0.4907070319984671,0.9712153518123667,0.05097748598745397,0.17391304347826086,0.4497907949790794,0.22340425531914887,0.3413355408388521,0.3666666666666667
0.029141700639239827,0.0,0.759031361651449,0.0,1.0,0.35313278405824866,1.0,0.04822194620434833,0.17391304347826086,0.4497907949790794,0.22340425531914887,0.31870860927152317,0.3244444444444445
0.021910256079271682,0.0,0.759031361651449,1.0,1.0,0.27802260969534387,0.8720682302771855,0.05016334923335458,0.17391304347826086,0.4497907949790794,0.22340425531914887,0.2866997792494481,0.22888888888888892
0.0419104594844305,0.0,0.759031361651449,0.0,1.0,0.41157309829469246,0.9840085287846481,0.05152024382352022,0.17391304347826086,0.4497907949790794,0.22340425531914887,0.3879690949227373,0.32
0.027528736846140427,0.0,0.759031361651449,1.0,1.0,0.4920482851120903,0.9573560767590619,0.06469255899882057,0.17391304347826086,0.4497907949790794,0.22340425531914887,0.3694812362030905,0.26666666666666666
0.06901478364340885,0.0,0.759031361651449,1.0,1.0,0.4964552596282813,0.8144989339019189,0.06428549062177086,0.17391304347826086,0.4497907949790794,0.22340425531914887,0.3667218543046357,0.23555555555555557
0.04772902051810423,0.0,0.759031361651449,0.0,1.0,0.3278405824870666,0.9360341151385927,0.0633356644086549,0.17391304347826086,0.4497907949790794,0.22340425531914887,0.3976269315673289,0.18
0.023807400349074543,0.0,0.759031361651449,0.0,0.4481327800829874,0.6480168614677141,0.9722814498933903,0.07804231423591179,0.17391304347826086,0.4497907949790794,0.22340425531914887,0.07891832229580573,0.8066666666666666
0.02613990989151464,0.0,0.759031361651449,0.0,0.4481327800829874,0.47997700708948077,1.0,0.06551713340361354,0.17391304347826086,0.4497907949790794,0.22340425531914887,0.12969094922737306,0.42888888888888893
0.027747201809992978,0.0,0.759031361651449,0.0,1.0,0.5650507760107301,1.0,0.06641477136326157,0.17391304347826086,0.4497907949790794,0.22340425531914887,0.15618101545253862,0.4066666666666667
0.024782962783896884,0.0,0.759031361651449,1.0,0.4481327800829874,0.5152328032190076,0.9211087420042643,0.06980700783867569,0.17391304347826086,0.4497907949790794,0.22340425531914887,0.10402869757174393,0.4888888888888889
0.028497062751273824,0.0,0.759031361651449,0.0,0.4481327800829874,0.7526346043303315,0.9019189765458422,0.08781195528510444,0.17391304347826086,0.4497907949790794,0.22340425531914887,0.0,1.0
0.035741611297435444,0.0,0.759031361651449,1.0,0.4481327800829874,0.8126077792680589,0.9808102345415779,0.09509743546922461,0.17391304347826086,0.4497907949790794,0.22340425531914887,0.005242825607064017,1.0
0.029585671514750393,0.0,0.759031361651449,1.0,0.4481327800829874,0.9223989269975091,0.9349680170575694,0.10775830576053941,0.17391304347826086,0.4497907949790794,0.22340425531914887,0.043874172185430466,1.0
0.04373289147474216,0.0,0.759031361651449,0.0,0.4481327800829874,0.4393561985054609,0.9125799573560767,0.13489619756385238,0.17391304347826086,0.4497907949790794,0.22340425531914887,0.2734547461368653,0.39333333333333337
0.057064534980602176,0.0,0.759031361651449,0.0,0.4481327800829874,0.48668327265759725,0.9253731343283582,0.12042961370254782,0.17391304347826086,0.4497907949790794,0.22340425531914887,0.22295805739514352,0.4444444444444445
0.039192066885874836,0.0,0.759031361651449,0.0,0.4481327800829874,0.8369419429009389,0.9594882729211087,0.09564019330529086,0.17391304347826086,0.4497907949790794,0.22340425531914887,0.0543598233995585,1.0
0.03508660756964475,0.0,0.759031361651449,0.0,0.4481327800829874,0.4437631730216517,0.7782515991471215,0.135303265940902,0.17391304347826086,0.4497907949790794,0.22340425531914887,0.28725165562913907,0.41777777777777786
0.04486804872648811,0.0,0.759031361651449,0.0,0.4481327800829874,0.5284537267675801,0.9584221748400852,0.10128696233051868,0.17391304347826086,0.4497907949790794,0.22340425531914887,0.2585540838852097,0.41777777777777786
0.047784761354897405,0.0,0.759031361651449,0.0,0.4481327800829874,0.5443571565433992,0.9488272921108742,0.11824814470758924,0.17391304347826086,0.4497907949790794,0.22340425531914887,0.26462472406181015,0.3844444444444445
0.023491340025363055,0.0,0.759031361651449,0.0,0.4481327800829874,0.4433799578463308,0.9424307036247335,0.135303265940902,0.17391304347826086,0.4497907949790794,0.22340425531914887,0.3504415011037527,0.27555555555555555
0.045132084269192636,0.0,0.759031361651449,0.0,0.4481327800829874,0.44433799578463307,0.9712153518123667,0.13142045988288958,0.17391304347826086,0.4497907949790794,0.22340425531914887,0.2842163355408388,0.3133333333333334
0.002597718576445526,0.0,0.1425168717745137,0.0,0.25103734439834013,0.3853228587852079,0.8773987206823027,0.1530681474213784,0.17391304347826086,0.22594142259414224,0.4255319148936172,0.3576158940397351,0.4022222222222223
0.0016714427762613661,0.0,0.1425168717745137,0.0,0.25103734439834013,0.5470396627706459,0.8304904051172707,0.15830784806955653,0.17391304347826086,0.22594142259414224,0.4255319148936172,0.20171081677704192,0.4133333333333334
0.0015284724194339547,0.0,0.1425168717745137,0.0,0.25103734439834013,0.4403142364437632,0.6663113006396588,0.16411118185518805,0.17391304347826086,0.22594142259414224,0.4255319148936172,0.21826710816777045,0.39111111111111113
0.001179749921180501,0.0,0.1425168717745137,0.0,0.25103734439834013,0.571948649166507,0.2867803837953092,0.2090348304403645,0.17391304347826086,0.22594142259414224,0.4255319148936172,0.09933774834437087,0.5422222222222222
0.0012497682354680704,0.0,0.1425168717745137,0.0,0.25103734439834013,0.471163058057099,0.43710021321961623,0.25314434227144156,0.17391304347826086,0.22594142259414224,0.4255319148936172,0.23123620309050769,0.40444444444444444
0.0009374239675427952,0.0,0.1425168717745137,0.0,0.25103734439834013,0.5276872964169382,0.7164179104477613,0.22836535952487816,0.17391304347826086,0.22594142259414224,0.4255319148936172,0.12582781456953643,0.43555555555555564
0.0011754471197438347,0.0,0.1425168717745137,0.0,0.25103734439834013,0.6321134316918952,0.7270788912579957,0.18638512843529179,0.17391304347826086,0.22594142259414224,0.4255319148936172,0.1432119205298013,0.5533333333333332
0.0011648856980356536,0.0,0.0793965859468043,0.0,0.20539419087136912,0.8055182985246215,0.821961620469083,0.1681923032763786,0.08695652173913043,0.010460251046025104,0.5531914893617023,0.1608719646799117,0.7733333333333332
0.0015012865376295632,0.0,0.0793965859468043,0.0,0.20539419087136912,0.391454301590343,0.8912579957356076,0.1939628628388322,0.08695652173913043,0.010460251046025104,0.5531914893617023,0.3380242825607064,0.47555555555555556
0.00105907589907036,0.0,0.0793965859468043,0.0,0.20539419087136912,0.49664686721594176,0.6673773987206822,0.2244199275627042,0.08695652173913043,0.010460251046025104,0.5531914893617023,0.315121412803532,0.5466666666666666
0.0014165995820806312,0.5,0.1183009130607384,0.0,0.09958506224066388,0.6171680398543783,0.3720682302771855,0.2775371319423424,0.17391304347826086,0.4393305439330543,0.2765957446808509,0.1365894039735099,0.6
0.0023366167619932768,0.5,0.1183009130607384,0.0,0.09958506224066388,0.5738647250431118,0.244136460554371,0.3587524919891031,0.17391304347826086,0.4393305439330543,0.2765957446808509,0.0780905077262693,0.5511111111111111
0.0015134126144056225,0.5,0.1183009130607384,0.0,0.09958506224066388,0.6943858976815481,0.34861407249466947,0.3587524919891031,0.17391304347826086,0.4393305439330543,0.2765957446808509,0.1009933774834437,0.6644444444444444
0.0016499287690780345,0.5,0.1183009130607384,0.0,0.09958506224066388,0.6495497221689978,0.1631130063965885,0.5584351874080182,0.17391304347826086,0.4393305439330543,0.2765957446808509,0.09299116997792495,0.7111111111111111
0.001228058646401254,0.5,0.1183009130607384,0.0,0.09958506224066388,0.6089289135849779,0.2622601279317697,0.5584351874080182,0.17391304347826086,0.4393305439330543,0.2765957446808509,0.08167770419426049,0.5666666666666667
0.0015709136881501629,0.5,0.1183009130607384,0.0,0.09958506224066388,0.6930446445679249,0.2142857142857143,0.5584351874080182,0.17391304347826086,0.4393305439330543,0.2765957446808509,0.031456953642384114,0.6977777777777777
0.00014649083073013845,0.888888888888889,0.0,0.0,0.0684647302904563,0.8265951331672735,0.27505330490405117,0.47165655954157837,0.13043478260869565,0.1401673640167364,0.1914893617021276,0.03421633554083886,1.0
0.000660871184295244,0.888888888888889,0.04208019055180628,0.0,0.03112033195020747,0.7139298716229162,0.2974413646055437,0.6449841869591992,0.043478260869565216,0.29497907949790797,0.0,0.06484547461368653,0.6288888888888888
0.0007889773179778084,0.888888888888889,0.04208019055180628,0.0,0.03112033195020747,0.6794405058440315,0.32409381663113007,0.6449841869591992,0.043478260869565216,0.29497907949790797,0.0,0.1898454746136865,0.5622222222222222
0.0006133447866084301,0.888888888888889,0.04208019055180628,0.0,0.03112033195020747,0.7114389729833303,0.34221748400852875,0.6449841869591992,0.043478260869565216,0.29497907949790797,0.0,0.13493377483443708,0.6577777777777778
0.0005501718382428298,0.9166666666666667,0.06232631996824137,0.0,0.053941908713692865,0.4983713355048859,0.34328358208955223,0.5365369962528833,0.043478260869565216,0.3347280334728033,0.22340425531914887,0.15728476821192053,0.42444444444444446
0.002544520304137652,0.0,0.40214370782056374,0.0,0.20746887966804983,0.44644567924889833,0.17164179104477612,0.29390336822987884,0.13043478260869565,0.18619246861924682,0.6382978723404256,0.25220750551876375,0.39111111111111113
0.004368712531400671,0.0,0.40214370782056374,0.0,0.20746887966804983,0.5297949798812033,0.4936034115138592,0.3366455478200966,0.13043478260869565,0.18619246861924682,0.6382978723404256,0.25496688741721857,0.43111111111111106
0.004804860131571844,0.0,0.40214370782056374,0.0,0.20746887966804983,0.4257520597815675,0.7089552238805971,0.3366455478200966,0.13043478260869565,0.18619246861924682,0.6382978723404256,0.45060706401766,0.3888888888888889
0.0025337633005459857,0.0,0.40214370782056374,1.0,0.20746887966804983,0.47959379191415985,0.5639658848614073,0.3245691859676224,0.13043478260869565,0.18619246861924682,0.6382978723404256,0.3567880794701987,0.43111111111111106
0.00839809049495516,0.0,0.40214370782056374,1.0,0.20746887966804983,0.3416363287986205,1.0,0.2865552621415972,0.13043478260869565,0.18619246861924682,0.6382978723404256,0.5894039735099337,0.33333333333333337
0.003288513788913949,0.0,0.40214370782056374,1.0,0.20746887966804983,0.45966660279747085,0.915778251599147,0.2867744528061624,0.13043478260869565,0.18619246861924682,0.6382978723404256,0.4288079470198675,0.3711111111111111
0.007225968267230568,0.0,0.40214370782056374,1.0,0.20746887966804983,0.35313278405824866,0.8784648187633262,0.26463619568507524,0.13043478260869565,0.18619246861924682,0.6382978723404256,0.613962472406181,0.3177777777777778
0.004124235177044632,0.0,0.40214370782056374,1.0,0.20746887966804983,0.4303506418854187,0.5074626865671641,0.2633419269990711,0.13043478260869565,0.18619246861924682,0.6382978723404256,0.3945916114790287,0.38666666666666666
0.002624708876366433,0.0,0.40214370782056374,0.0,0.20746887966804983,0.5391837516765664,0.2782515991471215,0.29390336822987884,0.13043478260869565,0.18619246861924682,0.6382978723404256,0.21109271523178808,0.5133333333333333
0.003749304706404211,0.0,0.40214370782056374,0.0,0.20746887966804983,0.5022034872580955,0.38592750533049036,0.29390336822987884,0.13043478260869565,0.18619246861924682,0.6382978723404256,0.2135761589403974,0.4444444444444445
0.0007682456383284164,0.0,0.5331480746327909,1.0,0.3340248962655602,0.44587085648591673,0.5309168443496801,0.20692642500026096,0.17391304347826086,0.18410041841004182,0.404255319148936,0.3250551876379691,0.4066666666666667
0.0012480079985167068,0.0,0.5331480746327909,0.0,0.3340248962655602,0.5903429775819123,0.8411513859275053,0.23917876564342902,0.17391304347826086,0.18410041841004182,0.404255319148936,0.21964679911699775,0.5266666666666666
0.0020412881179311814,0.0,0.5331480746327909,1.0,0.3340248962655602,0.4579421345085265,0.9339019189765458,0.18367133925496051,0.17391304347826086,0.18410041841004182,0.404255319148936,0.44674392935982343,0.3666666666666667
0.0021109152684517813,0.0,0.5331480746327909,1.0,0.3340248962655602,0.5388005365012455,0.9189765458422176,0.2331458035425387,0.17391304347826086,0.18410041841004182,0.404255319148936,0.24199779249448122,0.4000000000000001
0.006879983915345902,0.0,0.22786820166732832,1.0,0.24481327800829866,0.6495497221689978,0.8773987206823027,0.1807905476635319,0.30434782608695654,0.24895397489539745,0.5106382978723403,0.22019867549668876,0.4822222222222223
0.007850461221197634,0.0,0.22786820166732832,1.0,0.24481327800829866,0.4987545506802068,0.9072494669509594,0.20023589090567498,0.30434782608695654,0.24895397489539745,0.5106382978723403,0.5444260485651213,0.3711111111111111
0.012072096176217711,0.0,0.22786820166732832,1.0,0.24481327800829866,0.6357539758574439,0.7622601279317698,0.22362666610999196,0.30434782608695654,0.24895397489539745,0.5106382978723403,0.22626931567328917,0.5
0.011898810627450152,0.0,0.22786820166732832,0.0,0.24481327800829866,0.5857443954780609,0.7953091684434968,0.22362666610999196,0.30434782608695654,0.24895397489539745,0.5106382978723403,0.1619757174392936,0.5577777777777778
0.006043675781564764,0.0,0.22786820166732832,0.0,0.2385892116182572,0.9015136999425178,0.7686567164179104,0.1842036594403332,0.30434782608695654,0.24895397489539745,0.5106382978723403,0.06650110375275937,0.8844444444444444
0.01018218843610379,0.0,0.22786820166732832,0.0,0.2385892116182572,0.989461582678674,0.8187633262260128,0.1842036594403332,0.30434782608695654,0.24895397489539745,0.5106382978723403,0.08002207505518763,1.0
0.00735035834512692,0.0,0.22786820166732832,0.0,0.2385892116182572,0.8582103851312511,0.8560767590618337,0.21773983111881182,0.30434782608695654,0.24895397489539745,0.5106382978723403,0.03863134657836645,0.7244444444444444
0.007941797960785051,0.0,0.22786820166732832,0.0,0.2385892116182572,0.6901705307530178,0.7857142857142858,0.21773983111881182,0.30434782608695654,0.24895397489539745,0.5106382978723403,0.12775938189845476,0.5911111111111111
0.008516808698230453,0.0,0.22786820166732832,0.0,0.2385892116182572,0.5730982946924698,0.162046908315565,0.23437744632438137,0.30434782608695654,0.24895397489539745,0.5106382978723403,0.05601545253863134,0.5888888888888889
0.010379139392773015,0.0,0.22786820166732832,0.0,0.2385892116182572,0.4636903621383407,0.659914712153518,0.26531464298015806,0.30434782608695654,0.24895397489539745,0.5106382978723403,0.2737306843267108,0.42888888888888893
0.008931051127451324,0.0,0.22786820166732832,0.0,0.2385892116182572,0.7378808200804753,0.7537313432835822,0.26531464298015806,0.30434782608695654,0.24895397489539745,0.5106382978723403,0.09713024282560706,0.5933333333333333
0.011128022424636431,0.0,0.22786820166732832,0.0,0.24481327800829866,0.915117838666411,0.7153518123667377,0.2827350819877462,0.30434782608695654,0.24895397489539745,0.5106382978723403,0.02041942604856513,0.8155555555555556
0.006359344941509281,0.0,0.22786820166732832,0.0,0.24481327800829866,0.8978731557769687,0.6844349680170576,0.26326886344421596,0.30434782608695654,0.24895397489539745,0.5106382978723403,0.06125827814569537,0.9622222222222221
0.008636700392806654,0.0,0.22786820166732832,1.0,0.24481327800829866,0.6064380149453917,0.6428571428571428,0.26326886344421596,0.30434782608695654,0.24895397489539745,0.5106382978723403,0.17439293598233996,0.5333333333333333
0.006339395589393829,0.0,0.22786820166732832,0.0,0.24481327800829866,0.48380915884269016,0.5895522388059702,0.26326886344421596,0.30434782608695654,0.24895397489539745,0.5106382978723403,0.2524834437086093,0.4222222222222222
0.010057993940090923,0.0,0.22786820166732832,1.0,0.24481327800829866,0.5882352941176471,0.7494669509594882,0.3150500485350757,0.30434782608695654,0.24895397489539745,0.5106382978723403,0.21550772626931564,0.4466666666666667
0.009886859792041696,0.0,0.22786820166732832,0.0,0.24481327800829866,0.7275340103468096,0.6972281449893389,0.3150500485350757,0.30434782608695654,0.24895397489539745,0.5106382978723403,0.08278145695364239,0.5888888888888889
0.0014887692970865338,0.33333333333333337,0.17745136959110758,0.0,0.08091286307053935,0.5594941559685763,0.13113006396588486,0.5281764380473243,0.21739130434782608,0.23430962343096234,0.4255319148936172,0.12775938189845476,0.4155555555555555
0.0016859158356392436,0.33333333333333337,0.17745136959110758,0.0,0.08091286307053935,0.5834451044261352,0.3837953091684435,0.5281764380473243,0.21739130434782608,0.23430962343096234,0.4255319148936172,0.15562913907284767,0.4066666666666667
0.0020921394076372376,0.33333333333333337,0.17745136959110758,0.0,0.08091286307053935,0.6392029124353326,0.5127931769722814,0.543436283361341,0.21739130434782608,0.23430962343096234,0.4255319148936172,0.266280353200883,0.3777777777777778
0.0019519071971786138,0.33333333333333337,0.17745136959110758,0.0,0.08091286307053935,0.4855336271316343,0.6279317697228144,0.543436283361341,0.21739130434782608,0.23430962343096234,0.4255319148936172,0.2944260485651214,0.3355555555555556
0.0018889298306964983,0.33333333333333337,0.17745136959110758,0.0,0.08091286307053935,0.5359264226863384,0.49786780383795304,0.6164372123122528,0.21739130434782608,0.23430962343096234,0.4255319148936172,0.26186534216335544,0.38222222222222224
0.003906943704492985,0.24444444444444446,0.2143707820563716,0.0,0.08713692946058083,0.38934661812607774,0.7494669509594882,0.7124009727890447,0.26086956521739135,0.29707112970711297,0.6914893617021276,0.29718543046357615,0.28
0.0036184604263528593,0.24444444444444446,0.2143707820563716,0.0,0.08713692946058083,0.39164590917800346,0.6823027718550106,0.7124009727890447,0.26086956521739135,0.29707112970711297,0.6914893617021276,0.461644591611479,0.30000000000000004
0.006522851396102601,0.24444444444444446,0.2143707820563716,0.0,0.08713692946058083,0.48802452577122046,0.30597014925373134,0.722901249386788,0.26086956521739135,0.29707112970711297,0.6914893617021276,0.20502207505518766,0.42888888888888893
0.0037209453332989104,0.24444444444444446,0.2143707820563716,0.0,0.08713692946058083,0.5106342211151561,0.7782515991471215,0.722901249386788,0.26086956521739135,0.29707112970711297,0.6914893617021276,0.23233995584988965,0.34444444444444444
0.0030915628322447245,0.24444444444444446,0.2143707820563716,0.0,0.08713692946058083,0.5502969917608737,0.45735607675906187,0.6989990292984856,0.26086956521739135,0.29707112970711297,0.6914893617021276,0.21495584988962468,0.4333333333333334
0.0036067255133437693,0.24444444444444446,0.2143707820563716,0.0,0.08713692946058083,0.6049051542441081,0.1204690831556503,0.6989990292984856,0.26086956521739135,0.29707112970711297,0.6914893617021276,0.13327814569536423,0.4711111111111111
0.0026204060749297664,0.24444444444444446,0.2143707820563716,0.0,0.08713692946058083,0.5606438014945393,0.07249466950959488,0.6541380066174706,0.26086956521739135,0.29707112970711297,0.6914893617021276,0.11506622516556292,0.43111111111111106
0.004063604793164335,0.24444444444444446,0.2143707820563716,0.0,0.08713692946058083,0.551255029699176,0.028784648187633266,0.6541380066174706,0.26086956521739135,0.29707112970711297,0.6914893617021276,0.05132450331125828,0.44
0.0014842709137663829,0.24444444444444446,0.2143707820563716,0.0,0.08713692946058083,0.6506993676949607,0.00639658848614072,0.8117465320905571,0.26086956521739135,0.29707112970711297,0.6914893617021276,0.04966887417218542,0.5466666666666666
0.007092190258926943,0.24444444444444446,0.2143707820563716,0.0,0.08713692946058083,0.9001724468288944,0.023454157782516,0.8117465320905571,0.26086956521739135,0.29707112970711297,0.6914893617021276,0.04994481236203091,0.84
0.0008189013461509875,0.888888888888889,0.12624057165541883,0.0,0.006224066390041472,0.48802452577122046,0.27505330490405117,0.8444790046656299,0.0,0.26569037656903766,0.404255319148936,0.13355408388520973,0.37555555555555553
0.0005703167722417672,0.888888888888889,0.12624057165541883,0.0,0.006224066390041472,0.44357156543399123,0.1375266524520256,0.8444790046656299,0.0,0.26569037656903766,0.404255319148936,0.20750551876379691,0.35333333333333333
0.0001771971864372569,1.0,0.13060738388249307,0.0,0.010373443983402453,0.745928338762215,0.2985074626865672,0.543436283361341,0.08695652173913043,0.1171548117154812,0.35106382978723394,0.0380794701986755,0.8666666666666667
0.011837006752268944,0.22222222222222224,0.13934100833664154,0.0,0.5352697095435685,0.9854378233378044,0.8603411513859276,0.0700783867567088,0.17391304347826086,0.15899581589958162,0.042553191489361764,0.0935430463576159,1.0
0.012853445800739613,0.22222222222222224,0.13934100833664154,0.0,0.5352697095435685,0.722743820655298,1.0,0.07984802780590147,0.17391304347826086,0.15899581589958162,0.042553191489361764,0.1672185430463576,0.6888888888888889
0.012719276628669018,0.22222222222222224,0.13934100833664154,0.0,0.5352697095435685,0.6286644951140065,1.0,0.09196614026115002,0.17391304347826086,0.15899581589958162,0.042553191489361764,0.14266004415011038,0.5577777777777778
0.010439965358536796,0.22222222222222224,0.13934100833664154,0.0,0.5352697095435685,0.6978348342594368,0.8059701492537313,0.10254991806444205,0.17391304347826086,0.15899581589958162,0.042553191489361764,0.21688741721854304,0.6399999999999999
0.010322811810329385,0.22222222222222224,0.13934100833664154,0.0,0.5352697095435685,0.7585744395478061,0.8869936034115139,0.10544114730656426,0.17391304347826086,0.15899581589958162,0.042553191489361764,0.15259381898454746,0.8466666666666667
0.01004938833721759,0.22222222222222224,0.13934100833664154,0.0,0.5352697095435685,0.9268059015136999,0.9093816631130064,0.12096193388792051,0.17391304347826086,0.15899581589958162,0.042553191489361764,0.1153421633554084,0.9733333333333332
0.016016982766106753,0.22222222222222224,0.13934100833664154,0.0,0.5352697095435685,0.7215941751293352,0.9413646055437099,0.09907418038347932,0.17391304347826086,0.15899581589958162,0.042553191489361764,0.26269315673289184,0.5777777777777777
0.010634764914487688,0.22222222222222224,0.13934100833664154,0.0,0.5352697095435685,0.6984096570224182,0.9104477611940298,0.08355339380212301,0.17391304347826086,0.15899581589958162,0.042553191489361764,0.1757726269315673,0.7
0.014772299659609288,0.22222222222222224,0.13934100833664154,0.0,0.5352697095435685,0.38302356773328217,0.603411513859275,0.08944022879330321,0.17391304347826086,0.15899581589958162,0.042553191489361764,0.24061810154525382,0.3955555555555556
0.015243260835040762,0.22222222222222224,0.13934100833664154,0.0,0.5352697095435685,0.6616210001916077,0.835820895522388,0.10472094940870708,0.17391304347826086,0.15899581589958162,0.042553191489361764,0.3603752759381898,0.5711111111111111
0.011187674899099305,0.22222222222222224,0.13934100833664154,0.0,0.38589211618257246,0.9074535351599925,0.6481876332622601,0.13485444696107804,0.17391304347826086,0.15899581589958162,0.042553191489361764,0.157560706401766,1.0
0.00164934202342758,0.22222222222222224,0.25803890432711396,1.0,0.15560165975103735,0.45200229929105185,0.5895522388059702,0.2909912636863695,0.08695652173913043,0.07322175732217573,0.6382978723404256,0.32891832229580575,0.3488888888888889
0.005727419875969792,0.22222222222222224,0.25803890432711396,0.0,0.15560165975103735,0.4397394136807816,0.38272921108742003,0.3443798469840409,0.08695652173913043,0.07322175732217573,0.6382978723404256,0.3109823399558499,0.35777777777777786
0.003046970162810183,0.22222222222222224,0.25803890432711396,0.0,0.15560165975103735,0.5133167273424027,0.10767590618336886,0.3443798469840409,0.08695652173913043,0.07322175732217573,0.6382978723404256,0.13410596026490065,0.44888888888888895
0.0021177606343737504,0.22222222222222224,0.25803890432711396,0.0,0.15560165975103735,0.5704157884652233,0.5597014925373135,0.2909912636863695,0.08695652173913043,0.07322175732217573,0.6382978723404256,0.16556291390728478,0.43111111111111106
0.004215963080399018,0.22222222222222224,0.25803890432711396,1.0,0.15560165975103735,0.7913393370377467,0.486140724946695,0.33785631530055216,0.08695652173913043,0.07322175732217573,0.6382978723404256,0.13383002207505518,0.6711111111111111
0.0009802564000259732,0.4444444444444445,0.23620484319174279,1.0,0.1203319502074689,0.6125694577505268,0.2846481876332622,0.30770194244679416,0.13043478260869565,0.1380753138075314,0.5319148936170215,0.04966887417218542,0.6088888888888888
0.001754760658625904,0.4444444444444445,0.23620484319174279,0.0,0.1203319502074689,0.6309637861659322,0.3901918976545842,0.3275021658125189,0.13043478260869565,0.1380753138075314,0.5319148936170215,0.03449227373068432,0.6
0.0019239389878402831,0.4444444444444445,0.23620484319174279,1.0,0.1203319502074689,0.7100977198697068,0.45628997867803833,0.38176751176845125,0.13043478260869565,0.1380753138075314,0.5319148936170215,0.11920529801324503,0.6266666666666667
0.0010747224497491465,0.4444444444444445,0.23620484319174279,1.0,0.1203319502074689,0.6255987737114389,0.22814498933901922,0.38965837569279904,0.13043478260869565,0.1380753138075314,0.5319148936170215,0.06705298013245034,0.6244444444444445
0.0014367445160795688,0.4444444444444445,0.23620484319174279,0.0,0.1203319502074689,0.5596857635562368,0.27611940298507465,0.31424634943166996,0.13043478260869565,0.1380753138075314,0.5319148936170215,0.15066225165562916,0.5355555555555556
0.003991043914391462,0.22222222222222224,0.11393410083366418,0.0,0.11182572614107877,0.6229162674841925,0.27718550106609813,0.31011303975701143,0.17391304347826086,0.05857740585774057,0.24468085106382986,0.08609271523178808,0.6688888888888889
0.0005761842287463122,0.22222222222222224,0.11393410083366418,0.0,0.11182572614107877,0.8160567158459476,0.6215351812366737,0.372112684876888,0.17391304347826086,0.05857740585774057,0.24468085106382986,0.05601545253863134,0.8977777777777778
0.0006010231279488858,0.22222222222222224,0.11393410083366418,0.0,0.11182572614107877,0.652807051159226,0.3304904051172708,0.4295197636915883,0.17391304347826086,0.05857740585774057,0.24468085106382986,0.07891832229580573,0.6755555555555555
0.001075113613516116,0.22222222222222224,0.11393410083366418,1.0,0.11182572614107877,0.782525388005365,0.46375266524520253,0.4260962142640934,0.17391304347826086,0.05857740585774057,0.24468085106382986,0.03532008830022075,0.9111111111111112
9.074999393696159e-05,0.6111111111111112,0.07105994442238985,0.0,0.0,0.5541291435140833,0.2739872068230277,0.6448067468974082,0.0,0.23430962343096234,0.2872340425531916,0.1793598233995585,0.3777777777777778
0.0006334897206073677,0.5833333333333334,0.19293370385073444,0.0,0.03319502074688796,0.5073768921249281,0.267590618336887,0.6458400743160729,0.21739130434782608,0.21966527196652713,0.4255319148936172,0.14928256070640175,0.40444444444444444
0.0007741130948329614,0.5833333333333334,0.19293370385073444,0.0,0.03319502074688796,0.5276872964169382,0.4200426439232409,0.6458400743160729,0.21739130434782608,0.21966527196652713,0.4255319148936172,0.1619757174392936,0.3844444444444445
0.0007168076029719058,0.5833333333333334,0.19293370385073444,0.0,0.03319502074688796,0.5755891933320559,0.17803837953091683,0.6458400743160729,0.21739130434782608,0.21966527196652713,0.4255319148936172,0.21467991169977924,0.44
0.0005613200056014652,0.888888888888889,0.17824533545057564,0.0,0.0456431535269709,0.6323050392795554,0.23134328358208955,0.4161595708038035,0.13043478260869565,0.1192468619246862,0.7021276595744679,0.04415011037527594,0.5222222222222221
0.0014187509827989643,0.888888888888889,0.17824533545057564,0.0,0.0456431535269709,0.6872964169381107,0.22921108742004265,0.4161595708038035,0.13043478260869565,0.1192468619246862,0.7021276595744679,0.05049668874172186,0.7177777777777777
0.000583420758435251,0.888888888888889,0.17824533545057564,0.0,0.0456431535269709,0.5880436865299866,0.1833688699360341,0.4161595708038035,0.13043478260869565,0.1192468619246862,0.7021276595744679,0.08195364238410596,0.5088888888888888
0.0014928765166397154,0.0,0.5343390234219929,0.0,0.09958506224066388,0.4916650699367694,0.13006396588486138,0.45644890248102954,0.13043478260869565,0.21129707112970714,0.36170212765957444,0.1890176600441501,0.42
0.0014799681123297164,0.0,0.5343390234219929,0.0,0.09958506224066388,0.469055374592834,0.38486140724946694,0.45644890248102954,0.13043478260869565,0.21129707112970714,0.36170212765957444,0.23923841059602652,0.3711111111111111
0.002405657166863422,0.0,0.5343390234219929,0.0,0.09958506224066388,0.5972408507376893,0.2654584221748401,0.5042220297055539,0.13043478260869565,0.21129707112970714,0.36170212765957444,0.12527593818984545,0.5244444444444445
0.000927058127718099,0.0,0.5343390234219929,0.0,0.09958506224066388,0.5725234719294884,0.4776119402985074,0.5042220297055539,0.13043478260869565,0.21129707112970714,0.36170212765957444,0.15618101545253862,0.4911111111111112
0.0026346835524241586,0.0,0.5343390234219929,0.0,0.09958506224066388,0.4270933128951907,0.5522388059701493,0.5417558215996744,0.13043478260869565,0.21129707112970714,0.36170212765957444,0.38934878587196464,0.34
0.0011410247082505043,0.7777777777777778,0.07066296149265583,0.0,0.022821576763485507,0.5334355240467522,0.14818763326226014,0.699134718757502,0.17391304347826086,0.3556485355648535,0.23404255319148937,0.08940397350993376,0.3888888888888889
0.0005681653715234341,0.37777777777777777,0.22350138944025408,0.0,0.0912863070539418,0.5803793830235676,0.3646055437100213,0.4553007609047355,0.26086956521739135,0.29497907949790797,0.37234042553191493,0.2144039735099338,0.3777777777777778
0.0016886539820080313,0.37777777777777777,0.22350138944025408,0.0,0.0912863070539418,0.562176662195823,0.13006396588486138,0.4553007609047355,0.26086956521739135,0.29497907949790797,0.37234042553191493,0.19150110375275936,0.47555555555555556
0.0018322110844858973,0.37777777777777777,0.22350138944025408,0.0,0.0912863070539418,0.6554895573864726,0.12260127931769721,0.4553007609047355,0.26086956521739135,0.29497907949790797,0.37234042553191493,0.08636865342163355,0.6244444444444445
0.00095502633705643,0.3666666666666667,0.06828106391425169,0.0,0.17219917012448127,0.7041578846522322,0.3720682302771855,0.3018986086611626,0.26086956521739135,0.07112970711297067,0.6170212765957446,0.14348785871964678,0.6911111111111111
0.000947985389250976,0.3666666666666667,0.06828106391425169,0.0,0.17219917012448127,0.58536118030274,0.5533049040511727,0.23384512613900868,0.26086956521739135,0.07112970711297067,0.6170212765957446,0.1986754966887417,0.5199999999999999
0.001343843121424274,0.3666666666666667,0.06828106391425169,0.0,0.17219917012448127,0.739413680781759,0.7004264392324094,0.2055799680607889,0.26086956521739135,0.07112970711297067,0.6170212765957446,0.13079470198675497,0.6311111111111111
0.0008410020989847735,0.3666666666666667,0.06828106391425169,0.0,0.17219917012448127,0.6300057482276299,0.6833688699360341,0.2142954063899298,0.26086956521739135,0.07112970711297067,0.6170212765957446,0.1600441501103753,0.5155555555555555
0.009518187941672787,0.0,0.37475188566891626,0.0,0.32157676348547726,0.5890017244682889,0.8134328358208955,0.22836535952487816,0.13043478260869565,0.24267782426778245,0.6170212765957446,0.07753863134657837,0.3955555555555556
0.006710023258597583,0.0,0.37475188566891626,0.0,0.32157676348547726,0.46196589384939657,0.7515991471215352,0.20592441053367708,0.13043478260869565,0.24267782426778245,0.6170212765957446,0.22737306843267108,0.34
0.051421606478297834,0.0,0.37475188566891626,0.0,0.32157676348547726,0.27054991377658555,0.33688699360341146,0.14506246933940112,0.13043478260869565,0.24267782426778245,0.6170212765957446,0.3010485651214128,0.2466666666666667
0.015335379902162117,0.0,0.37475188566891626,0.0,0.32157676348547726,0.4907070319984671,0.4968017057569296,0.15768158902794158,0.13043478260869565,0.24267782426778245,0.6170212765957446,0.11727373068432673,0.38000000000000006
0.00499457455855213,0.0,0.37475188566891626,0.0,0.32157676348547726,0.4717378808200804,0.8976545842217485,0.17789931842140974,0.13043478260869565,0.24267782426778245,0.6170212765957446,0.27566225165562913,0.32
0.005144977026951965,0.0,0.37475188566891626,0.0,0.32157676348547726,0.5182985246215751,0.8166311300639658,0.22265596459548884,0.13043478260869565,0.24267782426778245,0.6170212765957446,0.17025386313465785,0.36888888888888893
0.007097275387897548,0.0,0.37475188566891626,0.0,0.32157676348547726,0.5759724085073769,0.8646055437100213,0.25809178870019933,0.13043478260869565,0.24267782426778245,0.6170212765957446,0.20833333333333331,0.41777777777777786
0.004835566487278963,0.0,0.37475188566891626,0.0,0.32157676348547726,0.41080666794405063,0.7622601279317698,0.2938616176271045,0.13043478260869565,0.24267782426778245,0.6170212765957446,0.2695916114790287,0.24888888888888888
0.006101176855309304,0.0,0.37475188566891626,0.0,0.32157676348547726,0.4508526537650891,0.8208955223880597,0.2994561983988644,0.13043478260869565,0.24267782426778245,0.6170212765957446,0.4580573951434878,0.2844444444444445
0.004672451196452613,0.0,0.37475188566891626,0.0,0.32157676348547726,0.4255604521939068,0.6982942430703625,0.30291106077844,0.13043478260869565,0.24267782426778245,0.6170212765957446,0.3921081677704194,0.32888888888888895
0.007739175129494764,0.0,0.37475188566891626,0.0,0.32157676348547726,0.5405250047901896,0.6503198294243071,0.2508063085160792,0.13043478260869565,0.24267782426778245,0.6170212765957446,0.23813465783664456,0.4022222222222223
0.00917572406369085,0.0,0.37475188566891626,0.0,0.32157676348547726,0.488982563709523,0.5607675906183368,0.2998006408717526,0.13043478260869565,0.24267782426778245,0.6170212765957446,0.30353200883002207,0.35555555555555557
0.003154344616843355,0.0,0.27471218737594283,0.0,0.2157676348547718,0.5489557386472504,0.4914712153518124,0.3560073898566911,0.17391304347826086,0.20711297071129703,0.7446808510638299,0.1509381898454746,0.41777777777777786
0.003427963671838634,0.0,0.27471218737594283,0.0,0.2157676348547718,0.5393753592642269,0.5127931769722814,0.3560073898566911,0.17391304347826086,0.20711297071129703,0.7446808510638299,0.14183222958057395,0.4022222222222223
0.006744054506323944,0.0,0.27471218737594283,0.0,0.2157676348547718,0.4751868173979691,0.4658848614072495,0.3748682246599935,0.17391304347826086,0.20711297071129703,0.7446808510638299,0.16473509933774835,0.3422222222222222
0.00542935308553891,0.0,0.27471218737594283,0.0,0.2157676348547718,0.411381490707032,0.7260127931769722,0.3748682246599935,0.17391304347826086,0.20711297071129703,0.7446808510638299,0.2762141280353201,0.30000000000000004
0.006547494713421689,0.0,0.27471218737594283,0.0,0.2157676348547718,0.5468480551829852,0.36140724946695096,0.3748682246599935,0.17391304347826086,0.20711297071129703,0.7446808510638299,0.12113686534216336,0.4444444444444445
0.003628826266177555,0.0,0.27471218737594283,0.0,0.2157676348547718,0.5499137765855527,0.09061833688699358,0.4473890216790004,0.17391304347826086,0.20711297071129703,0.7446808510638299,0.092439293598234,0.43555555555555564
0.005811715667751754,0.0,0.27471218737594283,0.0,0.2157676348547718,0.5271124736539566,0.2420042643923241,0.4473890216790004,0.17391304347826086,0.20711297071129703,0.7446808510638299,0.12196467991169979,0.4000000000000001
0.004590502387272469,0.0,0.27471218737594283,0.0,0.2157676348547718,0.4832343360797088,0.39978678038379534,0.4473890216790004,0.17391304347826086,0.20711297071129703,0.7446808510638299,0.30518763796909487,0.38222222222222224
0.0008588000503818929,0.3888888888888889,0.22231044065105202,0.0,0.10145228215767632,0.4109982755317111,0.2366737739872068,0.5752293673739914,0.0,0.24267782426778245,0.457446808510638,0.29525386313465785,0.26888888888888896
0.0005542790577960112,0.3888888888888889,0.22231044065105202,0.0,0.10145228215767632,0.4732707415213643,0.18230277185501068,0.5752293673739914,0.0,0.24267782426778245,0.457446808510638,0.1683222958057395,0.32
0.0008705349633909829,0.0,0.18777292576419216,0.0,0.2614107883817428,0.5278789040045985,0.3400852878464819,0.5562015301595917,0.17391304347826086,0.07531380753138073,0.8085106382978724,0.10899558498896247,0.38222222222222224
0.0006074773301038851,0.0,0.18777292576419216,0.0,0.2614107883817428,0.5267292584786357,0.3443496801705757,0.5562015301595917,0.17391304347826086,0.07531380753138073,0.8085106382978724,0.13852097130242824,0.3488888888888889
0.0006510920901210025,0.0,0.18777292576419216,0.0,0.2614107883817428,0.47442038704732703,0.3017057569296375,0.5068210047282558,0.17391304347826086,0.07531380753138073,0.8085106382978724,0.17328918322295805,0.35777777777777786
0.0005466513643401028,0.0,0.18777292576419216,0.0,0.2614107883817428,0.4422303123203678,0.42750533049040507,0.42810024319726114,0.17391304347826086,0.07531380753138073,0.8085106382978724,0.222682119205298,0.32222222222222224
0.00047115675731495795,0.0,0.18777292576419216,0.0,0.2614107883817428,0.44721210959953994,0.5692963752665245,0.4681703842099221,0.17391304347826086,0.07531380753138073,0.8085106382978724,0.24365342163355408,0.30000000000000004
0.0005229859564384382,0.0,0.18777292576419216,0.0,0.2614107883817428,0.47863575397585756,0.3315565031982942,0.38437692444184657,0.17391304347826086,0.07531380753138073,0.8085106382978724,0.18708609271523177,0.34666666666666673
0.0009515058631537029,0.0,0.18777292576419216,0.0,0.2614107883817428,0.46445679248898253,0.417910447761194,0.38437692444184657,0.17391304347826086,0.07531380753138073,0.8085106382978724,0.22102649006622516,0.3111111111111111
0.0010794164149527826,0.0,0.18777292576419216,0.0,0.2614107883817428,0.4611994634987545,0.5575692963752665,0.38437692444184657,0.17391304347826086,0.07531380753138073,0.8085106382978724,0.20860927152317876,0.30444444444444446
0.000130844280051352,0.3888888888888889,0.04208019055180628,0.0,0.10995850622406633,0.7051159225905345,0.4594882729211087,0.6166877159288987,0.0,0.20083682008368203,0.3085106382978724,0.10375275938189846,0.6155555555555556
0.00024213037175422087,0.9444444444444445,0.14648670107185394,0.0,0.08298755186721984,0.5662004215366928,0.22921108742004265,0.7729810974145939,0.13043478260869565,0.3410041841004184,0.5638297872340423,0.12775938189845476,0.4022222222222223
0.00044338412986011193,0.4444444444444445,0.0313616514489877,0.0,0.08298755186721984,0.6472504311170723,0.3017057569296375,0.7997849843957122,0.0,0.3075313807531381,0.7553191489361701,0.11479028697571741,0.48000000000000004
0.0014312682233419936,0.6666666666666667,0.04882890035728464,0.0,0.0456431535269709,0.5782716995593026,0.31663113006396587,1.0000000000000002,0.13043478260869565,0.46652719665271963,0.6063829787234043,0.10375275938189846,0.42444444444444446
0.000717589930505845,0.888888888888889,0.057562524811433105,0.0,0.049792531120331884,0.40275914926231093,0.16737739872068227,0.986994687235797,0.13043478260869565,0.3054393305439331,1.0,0.17439293598233996,0.29333333333333333
0.001961099545702401,0.888888888888889,0.057562524811433105,0.0,0.049792531120331884,0.4550680206936194,0.1417910447761194,0.986994687235797,0.13043478260869565,0.3054393305439331,1.0,0.10596026490066227,0.34666666666666673
0.1755668158565274,0.0,0.7002778880508139,1.0,0.7904564315352697,0.5079517148879095,0.9722814498933903,0.10360412078449383,1.0,0.9999999999999998,0.8085106382978724,0.43791390728476826,0.2844444444444445
0.075169549934793,0.0,0.7002778880508139,1.0,0.7904564315352697,0.5430159034297758,0.9040511727078892,0.14358032294091247,1.0,0.9999999999999998,0.8085106382978724,0.31843267108167767,0.3711111111111111
0.10161358965512654,0.0,0.7002778880508139,1.0,0.7904564315352697,0.4916650699367694,0.8230277185501067,0.1662822131994531,1.0,0.9999999999999998,0.8085106382978724,0.26903973509933776,0.39333333333333337
0.08321989584091212,0.0,0.7002778880508139,0.0,0.7904564315352697,0.4887909561218625,0.800639658848614,0.14398739131796215,1.0,0.9999999999999998,0.8085106382978724,0.3018763796909492,0.39111111111111113
0.08870811907337997,0.0,0.7002778880508139,0.0,0.7904564315352697,0.5435907261927572,0.8720682302771855,0.14493721753107816,1.0,0.9999999999999998,0.8085106382978724,0.1672185430463576,0.4444444444444445
0.0749180316326315,0.0,0.7002778880508139,0.0,0.7904564315352697,0.515424410806668,0.9051172707889125,0.12169256943647125,1.0,0.9999999999999998,0.8085106382978724,0.34381898454746135,0.3311111111111111
0.07181571179679512,0.0,0.7002778880508139,0.0,0.7904564315352697,0.34508526537650897,0.9594882729211087,0.10166271775548763,1.0,0.9999999999999998,0.8085106382978724,0.2334437086092715,0.35111111111111115
0.08245869115038916,0.0,0.7002778880508139,1.0,0.7904564315352697,0.42958421153477666,0.88272921108742,0.08090223052595324,1.0,0.9999999999999998,0.8085106382978724,0.35623620309050774,0.26222222222222225
0.06782701486500546,0.0,0.7002778880508139,1.0,0.6825726141078837,0.9999999999999999,0.8176972281449894,0.08090223052595324,1.0,0.9999999999999998,0.8085106382978724,0.09823399558498896,0.37555555555555553
0.08898095580084131,0.0,0.7002778880508139,0.0,0.6825726141078837,0.0,0.8710021321961621,0.05047647875416203,1.0,0.9999999999999998,0.8085106382978724,0.14873068432671083,0.5
0.0721820366645622,0.0,0.7002778880508139,0.0,0.6825726141078837,0.26863383789998085,0.908315565031983,0.06499525086893443,1.0,0.9999999999999998,0.8085106382978724,0.33857615894039733,0.37555555555555553
0.2643461267354958,0.0,0.7002778880508139,0.0,0.5020746887966806,0.057865491473462316,1.0,0.03976744914254701,1.0,0.9999999999999998,0.8085106382978724,0.3200883002207505,0.4022222222222223
0.09567670158194451,0.0,0.7002778880508139,0.0,0.5020746887966806,0.26997509101360406,1.0,0.02117799325727765,1.0,0.9999999999999998,0.8085106382978724,0.04221854304635761,1.0
0.11077092902176981,0.0,0.7002778880508139,1.0,0.5020746887966806,0.5981988886759916,0.9658848614072495,0.023703904725124486,1.0,0.9999999999999998,0.8085106382978724,0.05518763796909493,1.0
0.12776269189516498,0.0,0.7002778880508139,1.0,0.5020746887966806,0.6620042153669284,0.9733475479744136,0.0075986097049276224,1.0,0.9999999999999998,0.8085106382978724,0.033940397350993384,1.0
0.18044345453933816,0.0,0.7002778880508139,0.0,0.5020746887966806,0.5087181452385515,1.0,0.0041228720239648575,1.0,0.9999999999999998,0.8085106382978724,0.2152317880794702,1.0
0.16156882487363455,0.0,0.7002778880508139,1.0,0.578838174273859,0.4433799578463308,0.8891257995735606,0.0,1.0,0.9999999999999998,0.8085106382978724,0.19729580573951436,1.0
0.21713070424342276,0.0,0.7002778880508139,0.0,0.578838174273859,0.25771220540333384,1.0,0.004655192209337522,1.0,0.9999999999999998,0.8085106382978724,0.9116997792494481,0.1955555555555556
0.3616676719575478,0.0,0.7002778880508139,0.0,0.578838174273859,0.11055757808009192,1.0,0.0007723861513250635,1.0,0.9999999999999998,0.8085106382978724,0.9999999999999998,0.1955555555555556
0.3833948633938777,0.0,0.7002778880508139,0.0,0.5850622406639004,0.7189116689020886,0.9776119402985075,0.019487093844917397,1.0,0.9999999999999998,0.8085106382978724,0.32312362030905073,0.22222222222222227
0.2988819757212473,0.0,0.7002778880508139,0.0,0.5850622406639004,0.5916842306955356,0.9285714285714285,0.022472261943281807,1.0,0.9999999999999998,0.8085106382978724,0.5935430463576159,0.19777777777777783
0.19200605990907788,0.0,0.7002778880508139,0.0,0.5850622406639004,0.6194673309063038,0.9872068230277184,0.023839594184141055,1.0,0.9999999999999998,0.8085106382978724,0.5383554083885209,0.18444444444444447
0.4623923419522357,0.0,0.7002778880508139,0.0,0.5850622406639004,0.5401417896148687,0.9594882729211087,0.02677257402903757,1.0,0.9999999999999998,0.8085106382978724,0.6059602649006623,0.18
0.3493166760154807,0.0,0.7002778880508139,0.0,0.5850622406639004,0.5100593983521747,1.0,0.02677257402903757,1.0,0.9999999999999998,0.8085106382978724,0.5532560706401766,0.11555555555555554
0.3103508973687978,0.0,0.7002778880508139,0.0,0.5850622406639004,0.5717570415788465,0.9904051172707888,0.04066508710219505,1.0,0.9999999999999998,0.8085106382978724,0.5339403973509933,0.13111111111111112
0.17955785977091884,0.0,0.7002778880508139,0.0,0.6452282157676347,0.37842498562943094,1.0,0.04705292932666716,1.0,0.9999999999999998,0.8085106382978724,0.6034768211920529,0.14
0.15619482146112182,0.0,0.7002778880508139,0.0,0.6452282157676347,0.3753592642268634,1.0,0.042115920548602914,1.0,0.9999999999999998,0.8085106382978724,0.6299668874172184,0.16222222222222227
0.3927006494100859,0.0,0.7002778880508139,0.0,0.6452282157676347,0.15462732324200046,0.906183368869936,0.03234627949941027,1.0,0.9999999999999998,0.8085106382978724,0.7974613686534215,0.08444444444444445
0.32868474312666585,0.0,0.7002778880508139,0.0,0.6452282157676347,0.3287986204253689,0.9797441364605544,0.030947634306470295,1.0,0.9999999999999998,0.8085106382978724,0.8024282560706402,0.048888888888888885
0.4769749271848647,0.0,0.7002778880508139,0.0,0.6452282157676347,0.2090438781375743,1.0,0.035237508741532475,1.0,0.9999999999999998,0.8085106382978724,0.7326158940397351,0.12222222222222222
0.44183473017914515,0.0,0.7002778880508139,0.0,0.6452282157676347,0.27572331864341826,0.8880597014925373,0.0405815858966464,1.0,0.9999999999999998,0.8085106382978724,0.8349889624724061,0.05333333333333333
0.2802175965802899,0.0,0.7002778880508139,0.0,0.6452282157676347,0.2527304081241617,1.0,0.048002755539783115,1.0,0.9999999999999998,0.8085106382978724,0.7971854304635762,0.11555555555555554
0.15930965853750126,0.0,0.7002778880508139,0.0,0.6452282157676347,0.350450277831002,0.988272921108742,0.06246933940108762,1.0,0.9999999999999998,0.8085106382978724,0.5275938189845475,0.1444444444444445
0.13604343326002924,0.0,0.7002778880508139,0.0,0.6452282157676347,0.4123395286453343,0.9680170575692963,0.08317763837715408,1.0,0.9999999999999998,0.8085106382978724,0.4243929359823399,0.22444444444444445
0.10339886108757608,0.0,0.7002778880508139,0.0,0.6452282157676347,0.47710289327457367,0.8134328358208955,0.10836368950076719,1.0,0.9999999999999998,0.8085106382978724,0.46992273730684325,0.40444444444444444
0.2263191411295401,0.0,0.7002778880508139,0.0,0.6452282157676347,0.2826211917991952,0.9680170575692963,0.06684271504169842,1.0,0.9999999999999998,0.8085106382978724,0.6608719646799117,0.10444444444444444
0.1689522365570704,0.0,0.7002778880508139,0.0,0.6307053941908712,0.5043111707223605,0.9211087420042643,0.06905549698873778,1.0,0.9999999999999998,0.8085106382978724,0.3708609271523179,0.1955555555555556
0.26116987694770216,0.0,0.7002778880508139,0.0,0.6307053941908712,0.4456792488982563,0.943496801705757,0.06810567077562182,1.0,0.9999999999999998,0.8085106382978724,0.4034216335540839,0.1711111111111111
0.17036023053627766,0.0,0.7002778880508139,0.0,0.6307053941908712,0.5575780800919717,0.9872068230277184,0.06221883578444165,1.0,0.9999999999999998,0.8085106382978724,0.42466887417218546,0.18
0.1147230521413478,0.0,0.7002778880508139,0.0,0.6307053941908712,0.5449319793063806,0.9573560767590619,0.05711482459528011,1.0,0.9999999999999998,0.8085106382978724,0.4867549668874172,0.16666666666666669
0.14992720442296692,0.0,0.7002778880508139,0.0,0.6307053941908712,0.4188541866257903,0.988272921108742,0.052584884194265574,1.0,0.9999999999999998,0.8085106382978724,0.5019315673289184,0.07777777777777777
0.7499681201529917,0.0,0.7002778880508139,0.0,0.6307053941908712,0.3625215558536118,1.0,0.03757554249689482,1.0,0.9999999999999998,0.8085106382978724,0.7963576158940397,0.0
0.19382614491678773,0.0,0.7002778880508139,0.0,0.6307053941908712,0.43897298333014,0.7633262260127931,0.038702808771801656,1.0,0.9999999999999998,0.8085106382978724,0.7792494481236203,0.028888888888888895
0.48973273344458024,0.0,0.7002778880508139,0.0,0.6307053941908712,0.46484000766430345,1.0,0.04792969198492805,1.0,0.9999999999999998,0.8085106382978724,0.6909492273730684,0.013333333333333322
0.27831067321631275,0.0,0.7002778880508139,0.0,0.6307053941908712,0.5330523088714313,1.0,0.04639535733297151,1.0,0.9999999999999998,0.8085106382978724,0.5129690949227372,0.048888888888888885
0.18755109576706042,0.0,0.7002778880508139,0.0,0.6307053941908712,0.5447403717187201,1.0,0.05316939263310616,1.0,0.9999999999999998,0.8085106382978724,0.5126931567328918,0.1577777777777778
0.484952712212211,0.0,0.7002778880508139,0.0,0.6307053941908712,0.3425943667369228,0.9573560767590619,0.05982861377561141,1.0,0.9999999999999998,0.8085106382978724,0.49779249448123614,0.07333333333333335
0.8121123078114622,0.0,0.7002778880508139,0.0,0.6307053941908712,0.37746694769112843,0.8443496801705758,0.049871095013934275,1.0,0.9999999999999998,0.8085106382978724,0.7077814569536423,0.07777777777777777
0.40504773371448327,0.0,0.7002778880508139,0.0,0.5601659751037346,0.11055757808009192,1.0,0.0050622605863872155,1.0,0.9999999999999998,0.8085106382978724,0.5963024282560707,0.15333333333333338
0.23361825702119401,0.0,0.7002778880508139,0.0,0.5601659751037346,0.39222073194098483,1.0,0.016240984479213405,1.0,0.9999999999999998,0.8085106382978724,0.2869757174392936,0.5088888888888888
0.14468306738108816,0.0,0.7002778880508139,0.0,0.4315352697095435,0.3939452002299292,0.9776119402985075,0.03393280240483473,1.0,0.9999999999999998,0.8085106382978724,0.6807395143487858,0.27111111111111114
0.2822633830815412,0.0,0.7002778880508139,0.0,0.4315352697095435,0.6305805709906113,1.0,0.03506006867974157,1.0,0.9999999999999998,0.8085106382978724,0.49806843267108164,0.5
0.9999999999999999,0.0,0.7002778880508139,0.0,0.4315352697095435,0.42077026250239513,1.0,0.029580302065611075,1.0,0.9999999999999998,0.8085106382978724,0.23123620309050769,0.22222222222222227
0.2746826292776692,0.0,0.7002778880508139,0.0,0.4315352697095435,0.5932170913968192,1.0,0.041531412109762356,1.0,0.9999999999999998,0.8085106382978724,0.5378035320088299,0.27111111111111114
0.36778547327295324,0.0,0.7002778880508139,0.0,0.4315352697095435,0.20444529603372297,1.0,0.044286951892867965,1.0,0.9999999999999998,0.8085106382978724,0.9006622516556291,0.2866666666666667
0.5603319259260997,0.0,0.7002778880508139,0.0,0.4315352697095435,0.3054224947307914,1.0,0.04799231788908953,1.0,0.9999999999999998,0.8085106382978724,0.5063465783664458,0.2511111111111112
0.8945872322581805,0.0,0.7002778880508139,0.0,0.6307053941908712,0.18356006897873156,1.0,0.05517342156627386,1.0,0.9999999999999998,0.8085106382978724,0.9726821192052979,0.04444444444444444
0.3535784052566151,0.0,0.7002778880508139,0.0,0.6016597510373446,0.5504885993485343,1.0,0.0735958750404459,1.0,0.9999999999999998,0.8085106382978724,0.7538631346578366,0.048888888888888885
0.21177371645477322,0.0,0.7002778880508139,0.0,0.6016597510373446,0.6171680398543783,0.9019189765458422,0.07200935213502144,1.0,0.9999999999999998,0.8085106382978724,0.6639072847682119,0.055555555555555566
0.5072275329222984,0.0,0.7002778880508139,0.0,0.6016597510373446,0.3339720252922017,0.8837953091684434,0.05405659294206061,1.0,0.9999999999999998,0.8085106382978724,0.6873620309050772,0.12000000000000001
0.23090358047842457,0.0,0.7002778880508139,0.0,0.6825726141078837,0.625215558536118,0.7494669509594882,0.06934775120815809,1.0,0.9999999999999998,0.8085106382978724,0.579746136865342,0.07555555555555556
0.21672584974460918,0.0,0.7002778880508139,0.0,0.6825726141078837,0.5460816248323433,1.0,0.07612178650829271,1.0,0.9999999999999998,0.8085106382978724,0.3667218543046357,0.26
0.13722553016381156,0.0,0.7002778880508139,0.0,0.6825726141078837,0.4684805518298526,0.9498933901918976,0.0777604976671851,1.0,0.9999999999999998,0.8085106382978724,0.385485651214128,0.20444444444444443
0.2355173571098317,0.0,0.7002778880508139,0.0,0.46680497925311204,0.3998850354474036,0.8678038379530916,0.08575573809846881,1.0,0.9999999999999998,0.8085106382978724,0.3413355408388521,0.35111111111111115
0.13776983454554984,0.0,0.7002778880508139,0.0,0.46680497925311204,0.48706648783291817,0.8411513859275053,0.09312471948813761,1.0,0.9999999999999998,0.8085106382978724,0.5949227373068433,0.1866666666666667
0.17183433119210287,0.0,0.7002778880508139,0.0,0.4045643153526971,0.3839816056715847,0.6865671641791044,0.09747721982736127,1.0,0.9999999999999998,0.8085106382978724,0.4257726269315673,0.1488888888888889
0.3100751269130842,0.0,0.7002778880508139,0.0,0.6016597510373446,0.4474037171872006,0.9509594882729211,0.08141367540993874,1.0,0.9999999999999998,0.8085106382978724,0.6252759381898454,0.07333333333333335
0.23940943659117986,0.0,0.7002778880508139,0.0,0.4045643153526971,0.4360988695152327,0.570362473347548,0.0905988080202908,1.0,0.9999999999999998,0.8085106382978724,0.38520971302428253,0.11555555555555554
0.7364749260113734,0.0,0.7002778880508139,0.0,0.6016597510373446,0.5060356390113049,0.7729211087420043,0.076539292536036,1.0,0.9999999999999998,0.8085106382978724,0.35292494481236203,0.13111111111111112
0.14396371721363097,0.0,0.7002778880508139,0.0,0.6016597510373446,0.5043111707223605,0.7665245202558635,0.08412746459027004,1.0,0.9999999999999998,0.8085106382978724,0.5460816777041941,0.13333333333333336
0.18252816183540296,0.0,0.7002778880508139,0.0,0.6016597510373446,0.5401417896148687,0.953091684434968,0.08753013871637771,1.0,0.9999999999999998,0.8085106382978724,0.6167218543046358,0.09999999999999999
0.1659670702694414,0.0,0.7002778880508139,0.0,0.4045643153526971,0.5340103468097336,0.8518123667377397,0.09634995355245443,1.0,0.9999999999999998,0.8085106382978724,0.4390176600441501,0.21111111111111114
0.19667675086857914,0.0,0.7002778880508139,0.0,0.4045643153526971,0.6269400268250623,0.9392324093816631,0.100055319548676,1.0,0.9999999999999998,0.8085106382978724,0.49558498896247244,0.20222222222222225
0.12591033587668013,0.0,0.7002778880508139,0.0,0.4045643153526971,0.54876413105959,0.7313432835820896,0.11176636362687489,1.0,0.9999999999999998,0.8085106382978724,0.2842163355408388,0.2466666666666667
0.1090320104957062,0.0,0.7002778880508139,0.0,0.6721991701244813,0.550871814523855,0.8710021321961621,0.12381141252726835,1.0,0.9999999999999998,0.8085106382978724,0.3998344370860927,0.20666666666666672
0.2719972900174224,0.0,0.7002778880508139,0.0,0.6721991701244813,0.5071852845372676,0.9466950959488272,0.11404177147807573,1.0,0.9999999999999998,0.8085106382978724,0.3708609271523179,0.1488888888888889
0.21815359749404842,0.0,0.7002778880508139,0.0,0.7282157676348547,0.5878520789423259,0.9424307036247335,0.10386506205183335,1.0,0.9999999999999998,0.8085106382978724,0.5943708609271523,0.1866666666666667
0.28192111478544274,0.0,0.7002778880508139,0.0,0.7282157676348547,0.5556620042153669,0.9285714285714285,0.09112069055496991,1.0,0.9999999999999998,0.8085106382978724,0.4503311258278146,0.10222222222222223
0.29671492845223535,0.0,0.7002778880508139,0.0,0.7282157676348547,0.4964552596282813,1.0,0.08189380734184351,1.0,0.9999999999999998,0.8085106382978724,0.6821192052980132,0.08222222222222221
0.26739524829902434,0.0,0.7002778880508139,0.0,0.7282157676348547,0.45487641310595894,0.8710021321961621,0.07212416629265087,1.0,0.9999999999999998,0.8085106382978724,0.8910044150110377,0.07555555555555556
0.18354010250055347,0.0,0.7002778880508139,0.0,0.7282157676348547,0.39586127610653377,0.9349680170575694,0.07176928616906908,1.0,0.9999999999999998,0.8085106382978724,0.5836092715231787,0.17333333333333334
0.4311559593408734,0.0,0.7002778880508139,0.0,0.7282157676348547,0.43245832534968376,0.9189765458422176,0.0768837350089242,1.0,0.9999999999999998,0.8085106382978724,0.5623620309050772,0.12222222222222222
0.19006373622419004,0.0,0.7002778880508139,0.0,0.7282157676348547,0.5451235868940408,0.9701492537313432,0.09764422223845859,1.0,0.9999999999999998,0.8085106382978724,0.4908940397350993,0.26888888888888896
0.1107003239618318,0.0,0.7002778880508139,0.0,0.7282157676348547,0.5092929680015329,1.0,0.09135031887022868,1.0,0.9999999999999998,0.8085106382978724,0.41004415011037526,0.29777777777777775
0.1948038587523284,0.0,0.7002778880508139,0.0,0.7282157676348547,0.5602605863192184,1.0,0.08859477908712307,1.0,0.9999999999999998,0.8085106382978724,0.47240618101545256,0.23111111111111116
0.25026618694342284,0.0,0.7002778880508139,0.0,0.7282157676348547,0.4393561985054609,0.9637526652452024,0.07995240431283726,1.0,0.9999999999999998,0.8085106382978724,0.6087196467991169,0.1288888888888889
0.20859746666697956,0.0,0.7002778880508139,0.0,0.7282157676348547,0.555278789040046,0.9445628997867803,0.08958635590301336,1.0,0.9999999999999998,0.8085106382978724,0.613962472406181,0.15111111111111114
0.12285964965808376,0.0,0.7002778880508139,0.0,0.7282157676348547,0.5326690936961104,0.9616204690831558,0.09836442013631574,1.0,0.9999999999999998,0.8085106382978724,0.44315673289183216,0.22000000000000003
0.1939884778800801,0.0,0.7002778880508139,0.0,0.7282157676348547,0.515424410806668,0.9637526652452024,0.1115158600102289,1.0,0.9999999999999998,0.8085106382978724,0.4059050772626932,0.16888888888888892
0.18233649158958784,0.0,0.7002778880508139,0.0,0.6721991701244813,0.5027783100210766,0.9861407249466951,0.118154205851347,1.0,0.9999999999999998,0.8085106382978724,0.4525386313465783,0.20222222222222225
0.14707151334220492,0.0,0.7002778880508139,0.0,0.6721991701244813,0.5472312703583061,0.9818763326226012,0.11015896542006326,1.0,0.9999999999999998,0.8085106382978724,0.4850993377483443,0.1777777777777778
0.1312628252820095,0.0,0.7002778880508139,0.0,0.6721991701244813,0.6108449894615827,0.9211087420042643,0.12462554928136774,1.0,0.9999999999999998,0.8085106382978724,0.43349889624724064,0.1866666666666667
0.10629523320010295,0.0,0.7002778880508139,0.0,0.6721991701244813,0.5928338762214985,0.9808102345415779,0.12792384690053962,1.0,0.9999999999999998,0.8085106382978724,0.44150110375275936,0.22666666666666668
0.09943089583543582,0.0,0.7002778880508139,0.0,0.6721991701244813,0.5242383598390495,0.9125799573560767,0.12928074149070526,1.0,0.9999999999999998,0.8085106382978724,0.4288079470198675,0.2466666666666667
0.16119408998487758,0.0,0.7002778880508139,0.0,0.6721991701244813,0.7342402759149261,0.9925373134328357,0.138100556326782,1.0,0.9999999999999998,0.8085106382978724,0.4141832229580573,0.2844444444444445
0.1859457596674169,0.0,0.7002778880508139,0.0,0.6721991701244813,0.6068212301207127,0.9371002132196162,0.14263049672779657,1.0,0.9999999999999998,0.8085106382978724,0.46854304635761584,0.22000000000000003
0.09282413981131823,0.0,0.7002778880508139,0.0,0.6721991701244813,0.5679248898256372,0.8560767590618337,0.13633659335956663,1.0,0.9999999999999998,0.8085106382978724,0.4525386313465783,0.20222222222222225
0.09119024875668597,0.0,0.7002778880508139,0.0,0.6721991701244813,0.4627323242000384,0.8710021321961621,0.1514503115638732,1.0,0.9999999999999998,0.8085106382978724,0.4768211920529802,0.1711111111111111
0.16026488045644116,0.0,0.7002778880508139,0.0,0.6721991701244813,0.4550680206936194,0.7899786780383795,0.17217948584132683,1.0,0.9999999999999998,0.8085106382978724,0.4197019867549669,0.18888888888888888
0.15149596671039878,0.0,0.7002778880508139,0.0,0.6721991701244813,0.5250047901896916,0.826226012793177,0.17258655421837657,1.0,0.9999999999999998,0.8085106382978724,0.4001103752759382,0.22000000000000003
0.13289495609969043,0.0,0.7002778880508139,0.0,0.6721991701244813,0.48285112090438786,0.8336886993603412,0.16573945536338683,1.0,0.9999999999999998,0.8085106382978724,0.35789183222958054,0.33333333333333337
0.09399293714702359,0.0,0.7002778880508139,0.0,0.6721991701244813,0.60164782525388,0.8933901918976546,0.15321427453108857,1.0,0.9999999999999998,0.8085106382978724,0.40535320088300225,0.2533333333333333
0.07210693322130403,0.0,0.7002778880508139,0.0,0.6721991701244813,0.5393753592642269,0.8763326226012793,0.15004122872023964,1.0,0.9999999999999998,0.8085106382978724,0.3565121412803532,0.2822222222222222
0.13003457105372476,0.0,0.7002778880508139,0.0,0.6721991701244813,0.5280705115922592,0.8187633262260128,0.16750341833060214,1.0,0.9999999999999998,0.8085106382978724,0.3383002207505519,0.32222222222222224
0.11372754035441002,0.0,0.7002778880508139,0.0,0.6721991701244813,0.5656255987737114,0.8923240938166311,0.17451751959668918,1.0,0.9999999999999998,0.8085106382978724,0.23620309050772625,0.3377777777777778
0.15319928933366816,0.0,0.7002778880508139,0.0,0.5518672199170126,0.5073768921249281,0.6311300639658849,0.1914056384189047,1.0,0.9999999999999998,0.8085106382978724,0.3170529801324503,0.36444444444444446
0.06175067690889874,0.0,0.7002778880508139,0.0,0.5518672199170126,0.42115347767771605,0.4477611940298508,0.2021668562839876,1.0,0.9999999999999998,0.8085106382978724,0.34216335540838855,0.3311111111111111
0.07370816210139433,0.0,0.7002778880508139,0.0,0.5518672199170126,0.45813374209618696,0.8368869936034116,0.18181343743150294,1.0,0.9999999999999998,0.8085106382978724,0.4254966887417218,0.3111111111111111
0.08636817741936745,0.0,0.7002778880508139,0.0,0.4045643153526971,0.467905729066871,0.9413646055437099,0.1472439383343597,1.0,0.9999999999999998,0.8085106382978724,0.5405629139072847,0.3133333333333334
0.30450886650910586,0.0,0.7002778880508139,0.0,0.3962655601659749,0.4531519448170148,0.6908315565031983,0.18566493053743463,1.0,0.9999999999999998,0.8085106382978724,0.4525386313465783,0.3133333333333334
0.25560166072488905,0.0,0.7002778880508139,0.0,0.3962655601659749,0.4123395286453343,0.5383795309168443,0.17682424039997077,1.0,0.9999999999999998,0.8085106382978724,0.3595474613686534,0.3355555555555556
0.08493084615763744,0.0,0.7002778880508139,0.0,0.3962655601659749,0.4993293734431884,0.8294243070362474,0.198711993904412,1.0,0.9999999999999998,0.8085106382978724,0.401766004415011,0.3311111111111111
0.07886037565803523,0.0,0.7002778880508139,0.0,0.29668049792531115,0.5112090438781375,0.9008528784648188,0.2055904057114825,1.0,0.9999999999999998,0.8085106382978724,0.3073951434878587,0.3244444444444445
0.06967330784510227,0.0,0.7002778880508139,0.0,0.3962655601659749,0.5510634221115157,0.7334754797441364,0.18442285010489842,1.0,0.9999999999999998,0.8085106382978724,0.3485099337748344,0.40444444444444444
0.09076114210432024,0.0,0.7002778880508139,0.0,0.46680497925311204,0.6551063422111517,0.6545842217484008,0.14647155218303468,1.0,0.9999999999999998,0.8085106382978724,0.2740066225165563,0.5511111111111111
0.1574330503654643,0.0,0.7002778880508139,0.0,0.4045643153526971,0.3575397585744394,0.9509594882729211,0.13571033431795174,1.0,0.9999999999999998,0.8085106382978724,0.4528145695364238,0.1955555555555556
0.12491423734409188,0.0,0.7002778880508139,0.0,0.4045643153526971,0.4983713355048859,0.9722814498933903,0.11235087206571545,1.0,0.9999999999999998,0.8085106382978724,0.6172737306843268,0.18444444444444447
0.09515234655232167,0.0,0.7002778880508139,0.0,0.46680497925311204,0.5600689787315577,0.9317697228144989,0.12271545920444227,1.0,0.9999999999999998,0.8085106382978724,0.46771523178807944,0.26
0.29370687908423865,0.0,0.7002778880508139,0.0,0.46680497925311204,0.3339720252922017,0.9712153518123667,0.10136002588537371,1.0,0.9999999999999998,0.8085106382978724,0.63962472406181,0.15555555555555556
0.2000153336196652,0.0,0.7002778880508139,0.0,0.46680497925311204,0.5027783100210766,0.964818763326226,0.10864550606949391,1.0,0.9999999999999998,0.8085106382978724,0.44977924944812364,0.21333333333333332
0.2802175965802899,0.0,0.7002778880508139,0.0,0.46680497925311204,0.5112090438781375,0.8720682302771855,0.08575573809846881,1.0,0.9999999999999998,0.8085106382978724,0.3140176600441501,0.36444444444444446
0.11378347677308669,0.0,0.7002778880508139,0.0,0.29668049792531115,0.5136999425177237,0.6236673773987207,0.23950233281493002,1.0,0.9999999999999998,0.8085106382978724,0.24862030905077265,0.4000000000000001
0.11151805181668187,0.0,0.7002778880508139,0.0,0.29668049792531115,0.6110365970492432,0.7324093816631131,0.2298475059233668,1.0,0.9999999999999998,0.8085106382978724,0.16583885209713026,0.4155555555555555
0.11196749898493003,0.0,0.7002778880508139,0.0,0.29668049792531115,0.6706265568116497,0.7547974413646056,0.23808281232060288,1.0,0.9999999999999998,0.8085106382978724,0.1456953642384106,0.4444444444444445
0.05499879912723539,0.0,0.7002778880508139,0.0,0.29668049792531115,0.4217283004406974,0.3635394456289978,0.3098625361403655,1.0,0.9999999999999998,0.8085106382978724,0.23979028697571741,0.37333333333333335
0.04639691230968904,0.0,0.7002778880508139,0.0,0.4024896265560164,0.44261352749568894,0.3805970149253731,0.2707944095942886,1.0,0.9999999999999998,0.8085106382978724,0.320364238410596,0.34666666666666673
0.07172672203980951,0.0,0.7002778880508139,0.0,0.4024896265560164,0.5271124736539566,0.48720682302771856,0.29873600050100724,1.0,0.9999999999999998,0.8085106382978724,0.24420529801324503,0.36
0.11119671078211629,0.0,0.7002778880508139,0.0,0.4024896265560164,0.48917417129718344,0.7846481876332622,0.2522049537090192,1.0,0.9999999999999998,0.8085106382978724,0.36561810154525387,0.3133333333333334
0.09445333690074689,0.0,0.7002778880508139,0.0,0.4024896265560164,0.44912818547614497,0.5010660980810234,0.21112236057908088,1.0,0.9999999999999998,0.8085106382978724,0.2682119205298013,0.34666666666666673
0.0032660218723131935,0.0,0.3664152441445018,0.0,0.4066390041493776,0.41118988311937155,0.509594882729211,0.13068982433433884,0.21739130434782608,0.4246861924686192,0.7021276595744679,0.2836644591611479,0.37333333333333335
0.005344274966223008,0.0,0.3664152441445018,0.0,0.4066390041493776,0.4531519448170148,0.3880597014925373,0.13068982433433884,0.21739130434782608,0.4246861924686192,0.7021276595744679,0.3272626931567329,0.4333333333333334
0.0033771123821325776,0.0,0.3664152441445018,0.0,0.4066390041493776,0.40410040237593414,0.24093816631130066,0.1742043900758817,0.21739130434782608,0.4246861924686192,0.7021276595744679,0.43791390728476826,0.4022222222222223
0.005540443595358294,0.0,0.3664152441445018,0.0,0.4066390041493776,0.350450277831002,0.7110874200426439,0.1742043900758817,0.21739130434782608,0.4246861924686192,0.7021276595744679,0.5355960264900663,0.32666666666666666
0.005125418838603482,0.0,0.3664152441445018,0.0,0.4066390041493776,0.42785974324583254,0.6865671641791044,0.18402621937854227,0.21739130434782608,0.4246861924686192,0.7021276595744679,0.3413355408388521,0.29555555555555557
0.004553146247526866,0.0,0.3664152441445018,0.0,0.4066390041493776,0.47097145046943856,0.6300639658848614,0.13354974062438027,0.21739130434782608,0.4246861924686192,0.7021276595744679,0.3087748344370861,0.36
0.0033544248836483367,0.0,0.3664152441445018,0.0,0.4066390041493776,0.3847480360222265,0.7174840085287846,0.13258947676057078,0.21739130434782608,0.4246861924686192,0.7021276595744679,0.3689293598233995,0.2777777777777778
0.0042648585512702255,0.0,0.3664152441445018,0.0,0.4066390041493776,0.47250431117072245,0.7835820895522388,0.14284968739236178,0.21739130434782608,0.4246861924686192,0.7021276595744679,0.347682119205298,0.26222222222222225
0.0011013215859030836,0.0,0.4553394204049226,0.0,0.3817427385892115,0.5809542057865492,0.6705756929637526,0.1408039078564197,0.0,0.17782426778242671,0.8936170212765959,0.21909492273730685,0.38666666666666666
0.0007617914361734169,0.0,0.4553394204049226,0.0,0.3817427385892115,0.4903238168231462,0.7515991471215352,0.12085755738098472,0.0,0.17782426778242671,0.8936170212765959,0.20281456953642385,0.34666666666666673
0.0010647477736914202,0.0,0.4553394204049226,0.0,0.3817427385892115,0.6543399118605097,0.9040511727078892,0.10833237654868644,0.0,0.17782426778242671,0.8936170212765959,0.10789183222958057,0.42
0.0020197741107478503,0.0,0.4553394204049226,0.0,0.3817427385892115,0.6194673309063038,0.8859275053304904,0.13144133518427673,0.0,0.17782426778242671,0.8936170212765959,0.13107064017660044,0.3777777777777778
0.0008036459592391707,0.0,0.4553394204049226,0.0,0.3817427385892115,0.4730791339337038,0.7953091684434968,0.1435594476395253,0.0,0.17782426778242671,0.8936170212765959,0.1697019867549669,0.15333333333333338
